<item><itemid>1</itemid><portalid>99999</portalid><moduleid>0</moduleid><xrefitemid>0</xrefitemid><parentitemid>0</parentitemid><typecode>SYSTEM</typecode><guidkey>dnnrocketapptheme</guidkey><lang>en-US</lang><userid>0</userid><sortorder>10</sortorder><genxml><hidden><index>99</index><imagepathlogo>/Desktopmodules/dnnrocket/AppThemes/images/appthemes2.jpg</imagepathlogo><dnnrocket-imagelist /><imagefileupload /><resize>640</resize><logobase64 /></hidden><textbox><ctrlkey>dnnrocketapptheme</ctrlkey><systemname>App Themes</systemname><adminurl>/Desktopmodules/dnnrocket/AppThemes/admin.html</adminurl><apiurl>/Desktopmodules/dnnrocket/api/rocket/action</apiurl><defaultinterface>rocketapptheme</defaultinterface><colorhex>#6b5b95</colorhex><systemrelpath>/Desktopmodules/dnnrocket/AppThemes/</systemrelpath><encryptkey>12365498765454654</encryptkey><sortorder>10</sortorder><ftproot>/www/appthemes/</ftproot></textbox><checkbox><debugmode>true</debugmode><proavailable>false</proavailable><cacheoff>false</cacheoff></checkbox><interfacedata list="true"><genxml><textbox><interfacekey>rocketapptheme</interfacekey><entitytypecode>APPTHEME</entitytypecode><interfaceicon /><defaulttheme>config-w3</defaulttheme><themeversion>1.0</themeversion><defaulttemplate>appthemelist.cshtml</defaulttemplate><defaultcommand>rocketapptheme_getlist</defaultcommand><namespaceclass>DNNrocket.AppThemes.StartConnect</namespaceclass><assembly>RocketAppThemes</assembly><databasetable /><relpath>/DesktopModules/DNNrocket/AppThemes</relpath></textbox><dropdownlist><group /></dropdownlist><checkbox><onmenu>true</onmenu><active>true</active></checkbox><radio><securityrolesadministrators>1</securityrolesadministrators><securityrolesmanager>1</securityrolesmanager><securityroleseditor>0</securityroleseditor><securityrolesclienteditor>0</securityrolesclienteditor><securityrolesregisteredusers>0</securityrolesregisteredusers><securityrolessubscribers>0</securityrolessubscribers><securityrolesall>0</securityrolesall></radio></genxml><genxml><textbox><interfacekey>onlinepubliclist</interfacekey><entitytypecode>APPTHEME</entitytypecode><interfaceicon /><defaulttheme>config-w3</defaulttheme><themeversion>1.0</themeversion><defaulttemplate>AppThemeOnlinePublicList.cshtml</defaulttemplate><defaultcommand>rocketapptheme_getpubliclist</defaultcommand><namespaceclass>DNNrocket.AppThemes.StartConnect</namespaceclass><assembly>RocketAppThemes</assembly><databasetable /><relpath>/DesktopModules/DNNrocket/AppThemes</relpath></textbox><dropdownlist><group /></dropdownlist><checkbox><onmenu>true</onmenu><active>true</active></checkbox><radio><securityrolesadministrators>1</securityrolesadministrators><securityrolesmanager>1</securityrolesmanager><securityroleseditor>1</securityroleseditor><securityrolesclienteditor>0</securityrolesclienteditor><securityrolesregisteredusers>0</securityrolesregisteredusers><securityrolessubscribers>0</securityrolessubscribers><securityrolesall>0</securityrolesall></radio></genxml><genxml><textbox><interfacekey>onlineprivatelist</interfacekey><entitytypecode>APPTHEME</entitytypecode><interfaceicon /><defaulttheme>config-w3</defaulttheme><themeversion>1.0</themeversion><defaulttemplate>AppThemeOnlinePrivateList.cshtml</defaulttemplate><defaultcommand>rocketapptheme_getprivatelist</defaultcommand><namespaceclass>DNNrocket.AppThemes.StartConnect</namespaceclass><assembly>RocketAppThemes</assembly><databasetable /><relpath>/DesktopModules/DNNrocket/AppThemes</relpath></textbox><dropdownlist><group /></dropdownlist><checkbox><onmenu>true</onmenu><active>true</active></checkbox><radio><securityrolesadministrators>1</securityrolesadministrators><securityrolesmanager>1</securityrolesmanager><securityroleseditor>0</securityroleseditor><securityrolesclienteditor>0</securityrolesclienteditor><securityrolesregisteredusers>0</securityrolesregisteredusers><securityrolessubscribers>0</securityrolessubscribers><securityrolesall>0</securityrolesall></radio></genxml><genxml><textbox><interfacekey>culturecode</interfacekey><entitytypecode /><interfaceicon /><defaulttheme>config-w3</defaulttheme><themeversion>1.0</themeversion><defaulttemplate>CultureCodeSelect.cshtml</defaulttemplate><defaultcommand>rocketapptheme_selectculturecode</defaultcommand><namespaceclass>DNNrocket.AppThemes.startconnect</namespaceclass><assembly>DNNrocketAppThemes</assembly><databasetable /><relpath>/DesktopModules/DNNrocket/AppThemes</relpath></textbox><dropdownlist><group /></dropdownlist><checkbox><onmenu>false</onmenu><active>true</active></checkbox><radio><securityrolesadministrators>1</securityrolesadministrators><securityrolesmanager>1</securityrolesmanager><securityroleseditor>1</securityroleseditor><securityrolesclienteditor>1</securityrolesclienteditor><securityrolesregisteredusers>0</securityrolesregisteredusers><securityrolessubscribers>1</securityrolessubscribers><securityrolesall>0</securityrolesall></radio></genxml><genxml><textbox><interfacekey>fieldeditor</interfacekey><entitytypecode>APPTHEMEFIELDS</entitytypecode><interfaceicon /><defaulttheme>config-w3</defaulttheme><themeversion>1.0</themeversion><defaulttemplate>fieldeditor.cshtml</defaulttemplate><defaultcommand>rocketsettings_edit</defaultcommand><namespaceclass>RocketSettings.startconnect</namespaceclass><assembly>RocketSettings</assembly><databasetable /><relpath>/DesktopModules/DNNrocket/AppThemes/Admin</relpath></textbox><dropdownlist><group /></dropdownlist><checkbox><onmenu>false</onmenu><active>true</active></checkbox><radio><securityrolesadministrators>1</securityrolesadministrators><securityrolesmanager>1</securityrolesmanager><securityroleseditor>0</securityroleseditor><securityrolesclienteditor>0</securityrolesclienteditor><securityrolesregisteredusers>0</securityrolesregisteredusers><securityrolessubscribers>0</securityrolessubscribers><securityrolesall>0</securityrolesall></radio></genxml><genxml><textbox><interfacekey>editor</interfacekey><entitytypecode /><interfaceicon /><defaulttheme>config-w3</defaulttheme><themeversion>1.0</themeversion><defaulttemplate>editor.cshtml</defaulttemplate><defaultcommand>rocketapptheme_editor</defaultcommand><namespaceclass>DNNrocket.AppThemes.startconnect</namespaceclass><assembly>DNNrocketAppThemes</assembly><databasetable /><relpath>/DesktopModules/DNNrocket/AppThemes</relpath></textbox><dropdownlist><group /></dropdownlist><checkbox><onmenu>false</onmenu><active>true</active></checkbox><radio><securityrolesadministrators>1</securityrolesadministrators><securityrolesmanager>1</securityrolesmanager><securityroleseditor>0</securityroleseditor><securityrolesclienteditor>0</securityrolesclienteditor><securityrolesregisteredusers>0</securityrolesregisteredusers><securityrolessubscribers>0</securityrolessubscribers><securityrolesall>0</securityrolesall></radio></genxml><genxml><textbox><interfacekey>images</interfacekey><entitytypecode>APPTHEMEIMAGES</entitytypecode><interfaceicon /><defaulttheme>config-w3</defaulttheme><themeversion>1.0</themeversion><defaulttemplate>images.cshtml</defaulttemplate><defaultcommand>rocketsettings_edit</defaultcommand><namespaceclass>RocketSettings.startconnect</namespaceclass><assembly>RocketSettings</assembly><databasetable /><relpath>/DesktopModules/DNNrocket/AppThemes/Admin</relpath></textbox><dropdownlist><group /></dropdownlist><checkbox><onmenu>false</onmenu><active>true</active></checkbox><radio><securityrolesadministrators>1</securityrolesadministrators><securityrolesmanager>1</securityrolesmanager><securityroleseditor>1</securityroleseditor><securityrolesclienteditor>1</securityrolesclienteditor><securityrolesregisteredusers>0</securityrolesregisteredusers><securityrolessubscribers>0</securityrolessubscribers><securityrolesall>0</securityrolesall></radio></genxml><genxml><textbox><interfacekey>resx</interfacekey><entitytypecode>APPTHEMERESX</entitytypecode><interfaceicon /><defaulttheme>config-w3</defaulttheme><themeversion>1.0</themeversion><defaulttemplate>resx.cshtml</defaulttemplate><defaultcommand>rocketsettings_edit</defaultcommand><namespaceclass>RocketSettings.startconnect</namespaceclass><assembly>RocketSettings</assembly><databasetable /><relpath>/DesktopModules/DNNrocket/AppThemes/Admin</relpath></textbox><dropdownlist><group /></dropdownlist><checkbox><onmenu>false</onmenu><active>true</active></checkbox><radio><securityrolesadministrators>1</securityrolesadministrators><securityrolesmanager>1</securityrolesmanager><securityroleseditor>1</securityroleseditor><securityrolesclienteditor>1</securityrolesclienteditor><securityrolesregisteredusers>0</securityrolesregisteredusers><securityrolessubscribers>0</securityrolessubscribers><securityrolesall>0</securityrolesall></radio></genxml><genxml><textbox><interfacekey>editorcss</interfacekey><entitytypecode /><interfaceicon /><defaulttheme>config-w3</defaulttheme><themeversion>1.0</themeversion><defaulttemplate>editorcss.cshtml</defaulttemplate><defaultcommand>rocketapptheme_editor</defaultcommand><namespaceclass>DNNrocket.AppThemes.startconnect</namespaceclass><assembly>DNNrocketAppThemes</assembly><databasetable /><relpath>/DesktopModules/DNNrocket/AppThemes</relpath></textbox><dropdownlist><group /></dropdownlist><checkbox><onmenu>false</onmenu><active>true</active></checkbox><radio><securityrolesadministrators>1</securityrolesadministrators><securityrolesmanager>1</securityrolesmanager><securityroleseditor>1</securityroleseditor><securityrolesclienteditor>1</securityrolesclienteditor><securityrolesregisteredusers>0</securityrolesregisteredusers><securityrolessubscribers>0</securityrolessubscribers><securityrolesall>0</securityrolesall></radio></genxml><genxml><textbox><interfacekey>editorjs</interfacekey><entitytypecode /><interfaceicon /><defaulttheme>config-w3</defaulttheme><themeversion>1.0</themeversion><defaulttemplate>editorjs.cshtml</defaulttemplate><defaultcommand>rocketapptheme_editorjs</defaultcommand><namespaceclass>DNNrocket.AppThemes.startconnect</namespaceclass><assembly>DNNrocketAppThemes</assembly><databasetable /><relpath>/DesktopModules/DNNrocket/AppThemes</relpath></textbox><dropdownlist><group /></dropdownlist><checkbox><onmenu>false</onmenu><active>true</active></checkbox><radio><securityrolesadministrators>1</securityrolesadministrators><securityrolesmanager>1</securityrolesmanager><securityroleseditor>1</securityroleseditor><securityrolesclienteditor>1</securityrolesclienteditor><securityrolesregisteredusers>0</securityrolesregisteredusers><securityrolessubscribers>0</securityrolessubscribers><securityrolesall>0</securityrolesall></radio></genxml><genxml><textbox><interfacekey>imageupload</interfacekey><entitytypecode>IMG</entitytypecode><interfaceicon /><defaulttheme /><themeversion>1.0</themeversion><defaulttemplate /><defaultcommand /><namespaceclass>DNNrocket.Images.StartConnect</namespaceclass><assembly>DNNrocketImages</assembly><databasetable /><relpath>/DesktopModules/DNNrocket/Images/</relpath></textbox><dropdownlist><group /></dropdownlist><checkbox><onmenu>false</onmenu><active>true</active></checkbox><radio><securityrolesadministrators>1</securityrolesadministrators><securityrolesmanager>1</securityrolesmanager><securityroleseditor>1</securityroleseditor><securityrolesclienteditor>1</securityrolesclienteditor><securityrolesregisteredusers>0</securityrolesregisteredusers><securityrolessubscribers>0</securityrolessubscribers><securityrolesall>0</securityrolesall></radio></genxml></interfacedata><settingsdata list="true"><genxml><textbox><name /><value /></textbox></genxml><genxml><textbox><name /><value /></textbox></genxml></settingsdata><lang><genxml><interfacedata list="true"><genxml /><genxml /><genxml /><genxml /><genxml /><genxml /><genxml /><genxml /><genxml /><genxml /><genxml /></interfacedata><settingsdata list="true"><genxml /><genxml /></settingsdata></genxml></lang></genxml><data><![CDATA[]]></data></item>