<item><itemid>25</itemid><portalid>99999</portalid><moduleid>0</moduleid><xrefitemid>0</xrefitemid><parentitemid>0</parentitemid><typecode>SYSTEM</typecode><guidkey>clientimages</guidkey><lang></lang><userid>0</userid><sortorder>70</sortorder><genxml><hidden><selecteditemid>25</selecteditemid><theme>config-w3</theme><template>Admin_SystemDetail.cshtml</template><reload>false</reload><activevalue /><systemkey>systemapi</systemkey><index>99</index><imagepathlogo>/DesktopModules/DNNrocketModules/clientimages/images/gallery.png</imagepathlogo><dnnrocket-imagelist /><imagefileupload /><resize>640</resize><logobase64 /></hidden><textbox><ctrlkey>clientimages</ctrlkey><systemname>Client Images</systemname><adminurl>/Desktopmodules/dnnrocketmodules/clientimages/admin.html</adminurl><apiurl>/Desktopmodules/dnnrocket/api/rocket/action</apiurl><defaultinterface>clientimages</defaultinterface><colorhex>#f0ede5</colorhex><systemrelpath>/DesktopModules/DNNrocketModules/clientimages/</systemrelpath><encryptkey>iqwuygd87324trf87u2i3wgr8723gtf</encryptkey><sortorder>70</sortorder><ftproot>appthemes</ftproot></textbox><checkbox><debugmode>true</debugmode><proavailable>false</proavailable><cacheoff>true</cacheoff></checkbox><interfacedata list="true"><genxml><textbox><interfacekey>clientimages</interfacekey><entitytypecode>CLIENTIMAGE</entitytypecode><interfaceicon>fa fa-pencil-square-o</interfaceicon><defaulttheme>config-w3</defaulttheme><themeversion>1.0</themeversion><defaulttemplate>packagelist.cshtml</defaulttemplate><defaultcommand>clientimages_packagelist</defaultcommand><namespaceclass>RocketClientImages.StartConnect</namespaceclass><assembly>RocketClientImages</assembly><databasetable /><relpath>/DesktopModules/DNNrocketModules/clientimages/</relpath></textbox><dropdownlist><group /></dropdownlist><checkbox><onmenu>true</onmenu><active>true</active></checkbox><checkboxlist><providertype><chk value="false" data="scheduler" /></providertype></checkboxlist><radio><securityrolesadministrators>1</securityrolesadministrators><securityrolesmanager>1</securityrolesmanager><securityroleseditor>0</securityroleseditor><securityrolesclienteditor>0</securityrolesclienteditor><securityrolesregisteredusers>1</securityrolesregisteredusers><securityrolessubscribers>0</securityrolessubscribers><securityrolesall>0</securityrolesall></radio></genxml><genxml><textbox><interfacekey>clientimagesusers</interfacekey><entitytypecode>CLIENTIMAGESUSERSETTINGS</entitytypecode><interfaceicon>fa fa-pencil-square-o</interfaceicon><defaulttheme>config-w3</defaulttheme><themeversion>1.0</themeversion><defaulttemplate>userlist.cshtml</defaulttemplate><defaultcommand>clientimagesusers_userlist</defaultcommand><namespaceclass>RocketClientImages.StartConnect</namespaceclass><assembly>RocketClientImages</assembly><databasetable /><relpath>/DesktopModules/DNNrocketModules/clientimages/</relpath></textbox><dropdownlist><group /></dropdownlist><checkbox><onmenu>true</onmenu><active>true</active></checkbox><checkboxlist><providertype><chk value="false" data="scheduler" /></providertype></checkboxlist><radio><securityrolesadministrators>1</securityrolesadministrators><securityrolesmanager>0</securityrolesmanager><securityroleseditor>0</securityroleseditor><securityrolesclienteditor>0</securityrolesclienteditor><securityrolesregisteredusers>0</securityrolesregisteredusers><securityrolessubscribers>0</securityrolessubscribers><securityrolesall>0</securityrolesall></radio></genxml><genxml><textbox><interfacekey>imageupload</interfacekey><entitytypecode>IMG</entitytypecode><interfaceicon /><defaulttheme /><themeversion>1.0</themeversion><defaulttemplate /><defaultcommand /><namespaceclass>DNNrocket.Images.StartConnect</namespaceclass><assembly>DNNrocketImages</assembly><databasetable /><relpath>/DesktopModules/DNNrocket/Images/</relpath></textbox><dropdownlist><group /></dropdownlist><checkbox><onmenu>false</onmenu><active>true</active></checkbox><checkboxlist><providertype><chk value="false" data="scheduler" /></providertype></checkboxlist><radio><securityrolesadministrators>1</securityrolesadministrators><securityrolesmanager>1</securityrolesmanager><securityroleseditor>1</securityroleseditor><securityrolesclienteditor>1</securityrolesclienteditor><securityrolesregisteredusers>0</securityrolesregisteredusers><securityrolessubscribers>0</securityrolessubscribers><securityrolesall>0</securityrolesall></radio></genxml><genxml><textbox><interfacekey>clientimagespublic</interfacekey><entitytypecode>CLIENTIMAGE</entitytypecode><interfaceicon>fa fa-pencil-square-o</interfaceicon><defaulttheme>config-w3</defaulttheme><themeversion>1.0</themeversion><defaulttemplate>lightbox1.cshtml</defaulttemplate><defaultcommand>clientimages_getpublicgallery</defaultcommand><namespaceclass>RocketClientImages.StartConnect</namespaceclass><assembly>RocketClientImages</assembly><databasetable /><relpath>/DesktopModules/DNNrocketModules/clientimages/</relpath></textbox><dropdownlist><group /></dropdownlist><checkbox><onmenu>false</onmenu><active>true</active></checkbox><checkboxlist><providertype><chk value="false" data="scheduler" /></providertype></checkboxlist><radio><securityrolesadministrators>1</securityrolesadministrators><securityrolesmanager>1</securityrolesmanager><securityroleseditor>1</securityroleseditor><securityrolesclienteditor>1</securityrolesclienteditor><securityrolesregisteredusers>1</securityrolesregisteredusers><securityrolessubscribers>1</securityrolessubscribers><securityrolesall>1</securityrolesall></radio></genxml><genxml><textbox><interfacekey>clientimagescheduler</interfacekey><entitytypecode>CLIENTIMAGE</entitytypecode><interfaceicon>fa fa-pencil-square-o</interfaceicon><defaulttheme>config-w3</defaulttheme><themeversion>1.0</themeversion><defaulttemplate>lightbox1.cshtml</defaulttemplate><defaultcommand>scheduler_tidy</defaultcommand><namespaceclass>RocketClientImages.Scheduler</namespaceclass><assembly>RocketClientImages</assembly><databasetable /><relpath>/DesktopModules/DNNrocketModules/clientimages/</relpath></textbox><dropdownlist><group /></dropdownlist><checkbox><onmenu>false</onmenu><active>true</active></checkbox><checkboxlist><providertype><chk value="true" data="scheduler" /></providertype></checkboxlist><radio><securityrolesadministrators>1</securityrolesadministrators><securityrolesmanager>0</securityrolesmanager><securityroleseditor>0</securityroleseditor><securityrolesclienteditor>0</securityrolesclienteditor><securityrolesregisteredusers>0</securityrolesregisteredusers><securityrolessubscribers>0</securityrolessubscribers><securityrolesall>0</securityrolesall></radio></genxml></interfacedata><settingsdata list="true"><genxml><textbox><name>testdate</name><value>3-10-1921</value></textbox></genxml></settingsdata><provtypesdata list="true"><genxml><textbox><provtypes>scheduler</provtypes><provname>Scheduler</provname></textbox></genxml></provtypesdata><lang><genxml><interfacedata list="true"><genxml /><genxml /><genxml /><genxml /><genxml /></interfacedata><settingsdata list="true"><genxml /></settingsdata><provtypesdata list="true"><genxml /></provtypesdata></genxml></lang></genxml><data><![CDATA[]]></data></item>