<item><itemid>2</itemid><portalid>99999</portalid><moduleid>0</moduleid><xrefitemid>0</xrefitemid><parentitemid>0</parentitemid><typecode>SYSTEM</typecode><guidkey>dnnrocketmodule</guidkey><lang>en-US</lang><userid>0</userid><sortorder>4</sortorder><genxml><hidden><selecteditemid>2</selecteditemid><theme>config-w3</theme><template>Admin_SystemDetail.cshtml</template><reload>false</reload><activevalue /><pagesize>0</pagesize><browsersessionid>7908c2ca-a76e-4bbf-a59c-d2fff118268a-1601917235580</browsersessionid><browserid>453cc900-0f71-47b2-917b-a091da830ec0-1596970927291</browserid><systemkey>systemapi</systemkey><index>99</index><imagepathlogo>/DesktopModules/DNNrocket/RocketMod/images/rocketmod.jpg</imagepathlogo><dnnrocket-imagelist /><imagefileupload /><resize>640</resize><logobase64 /></hidden><textbox><ctrlkey>dnnrocketmodule</ctrlkey><systemname>DNN Rocket Mod</systemname><adminurl>/DesktopModules/DNNrocket/RocketMod/admin.html?moduleid=[moduleid]&amp;tabid=[tabid]</adminurl><apiurl>/Desktopmodules/dnnrocket/api/rocket/action</apiurl><defaultinterface>rocketmod</defaultinterface><colorhex>w3-blue</colorhex><systemrelpath>/DesktopModules/DNNrocket/RocketMod/</systemrelpath><encryptkey>idysgfbw9e84756hrgei7rfyt</encryptkey><sortorder>4</sortorder><ftproot>www\appthemes</ftproot></textbox><checkbox><debugmode>false</debugmode><proavailable>false</proavailable><cacheoff>false</cacheoff><logon>true</logon></checkbox><interfacedata list="true"><genxml><textbox><interfacekey>rocketmod</interfacekey><interfacename /><namespaceclass>RocketMod.StartConnect</namespaceclass><providernamespaceclass /><assembly>RocketMod</assembly><help /><entitytypecode>ROCKETMOD</entitytypecode><interfaceicon /><defaulttheme>config-w3</defaulttheme><themeversion>1.0</themeversion><defaulttemplate>view.cshtml</defaulttemplate><defaultcommand>rocketmod_getdata</defaultcommand><databasetable /><relpath>/DesktopModules/DNNrocket/RocketMod</relpath></textbox><providertype /><dropdownlist><group /></dropdownlist><checkbox><onmenu>false</onmenu><active>true</active></checkbox><radio><securityrolesadministrators>0</securityrolesadministrators><securityrolesmanager>0</securityrolesmanager><securityroleseditor>0</securityroleseditor><securityrolesclienteditor>0</securityrolesclienteditor><securityrolesregisteredusers>0</securityrolesregisteredusers><securityrolessubscribers>0</securityrolessubscribers><securityrolesall>1</securityrolesall></radio></genxml><genxml><textbox><interfacekey>dashboard</interfacekey><interfacename /><namespaceclass>RocketMod.StartConnect</namespaceclass><providernamespaceclass /><assembly>RocketMod</assembly><help /><entitytypecode>ROCKETMOD</entitytypecode><interfaceicon /><defaulttheme>config-w3</defaulttheme><themeversion>1.0</themeversion><defaulttemplate>dashboard.cshtml</defaulttemplate><defaultcommand>dashboard_get</defaultcommand><databasetable /><relpath>/DesktopModules/DNNrocket/RocketMod</relpath></textbox><providertype /><dropdownlist><group /></dropdownlist><checkbox><onmenu>true</onmenu><active>true</active></checkbox><radio><securityrolesadministrators>1</securityrolesadministrators><securityrolesmanager>1</securityrolesmanager><securityroleseditor>0</securityroleseditor><securityrolesclienteditor>0</securityrolesclienteditor><securityrolesregisteredusers>0</securityrolesregisteredusers><securityrolessubscribers>0</securityrolessubscribers><securityrolesall>0</securityrolesall></radio></genxml><genxml><textbox><interfacekey>rocketmodedit</interfacekey><interfacename /><namespaceclass>RocketMod.StartConnect</namespaceclass><providernamespaceclass /><assembly>RocketMod</assembly><help /><entitytypecode>ROCKETMOD</entitytypecode><interfaceicon /><defaulttheme>config-w3</defaulttheme><themeversion>1.0</themeversion><defaulttemplate>editlist.cshtml</defaulttemplate><defaultcommand>rocketmodedit_editarticle</defaultcommand><databasetable /><relpath>/DesktopModules/DNNrocket/RocketMod</relpath></textbox><providertype /><dropdownlist><group /></dropdownlist><checkbox><onmenu>true</onmenu><active>true</active></checkbox><radio><securityrolesadministrators>1</securityrolesadministrators><securityrolesmanager>1</securityrolesmanager><securityroleseditor>1</securityroleseditor><securityrolesclienteditor>1</securityrolesclienteditor><securityrolesregisteredusers>0</securityrolesregisteredusers><securityrolessubscribers>0</securityrolessubscribers><securityrolesall>0</securityrolesall></radio></genxml><genxml><textbox><interfacekey>rocketmodfields</interfacekey><interfacename /><namespaceclass>RocketMod.StartConnect</namespaceclass><providernamespaceclass /><assembly>RocketMod</assembly><help /><entitytypecode>ROCKETMODFIELDS</entitytypecode><interfaceicon /><defaulttheme>config-w3</defaulttheme><themeversion>1.0</themeversion><defaulttemplate>fieldeditor.cshtml</defaulttemplate><defaultcommand>rocketmodfields_edit</defaultcommand><databasetable /><relpath>/DesktopModules/DNNrocket/RocketMod/</relpath></textbox><providertype /><dropdownlist><group /></dropdownlist><checkbox><onmenu>true</onmenu><active>true</active></checkbox><radio><securityrolesadministrators>1</securityrolesadministrators><securityrolesmanager>0</securityrolesmanager><securityroleseditor>0</securityroleseditor><securityrolesclienteditor>0</securityrolesclienteditor><securityrolesregisteredusers>0</securityrolesregisteredusers><securityrolessubscribers>0</securityrolessubscribers><securityrolesall>0</securityrolesall></radio></genxml><genxml><textbox><interfacekey>rocketmodsettings</interfacekey><interfacename /><namespaceclass>RocketMod.StartConnect</namespaceclass><providernamespaceclass /><assembly>RocketMod</assembly><help /><entitytypecode>ROCKETMODSETTINGS</entitytypecode><interfaceicon /><defaulttheme>config-w3</defaulttheme><themeversion>1.0</themeversion><defaulttemplate>settings.cshtml</defaulttemplate><defaultcommand>rocketmodsettings_edit</defaultcommand><databasetable /><relpath>/DesktopModules/DNNrocket/RocketMod/</relpath></textbox><providertype /><dropdownlist><group /></dropdownlist><checkbox><onmenu>true</onmenu><active>true</active></checkbox><radio><securityrolesadministrators>1</securityrolesadministrators><securityrolesmanager>0</securityrolesmanager><securityroleseditor>0</securityroleseditor><securityrolesclienteditor>0</securityrolesclienteditor><securityrolesregisteredusers>0</securityrolesregisteredusers><securityrolessubscribers>0</securityrolessubscribers><securityrolesall>0</securityrolesall></radio></genxml><genxml><textbox><interfacekey>imageupload</interfacekey><interfacename /><namespaceclass>DNNrocket.Images.StartConnect</namespaceclass><providernamespaceclass /><assembly>DNNrocketImages</assembly><help /><entitytypecode>IMG</entitytypecode><interfaceicon /><defaulttheme /><themeversion>1.0</themeversion><defaulttemplate /><defaultcommand /><databasetable /><relpath>/DesktopModules/DNNrocket/Images/</relpath></textbox><providertype /><dropdownlist><group /></dropdownlist><checkbox><onmenu>false</onmenu><active>true</active></checkbox><radio><securityrolesadministrators>1</securityrolesadministrators><securityrolesmanager>1</securityrolesmanager><securityroleseditor>1</securityroleseditor><securityrolesclienteditor>1</securityrolesclienteditor><securityrolesregisteredusers>0</securityrolesregisteredusers><securityrolessubscribers>0</securityrolessubscribers><securityrolesall>0</securityrolesall></radio></genxml><genxml><textbox><interfacekey>documentupload</interfacekey><interfacename /><namespaceclass>DNNrocket.Documents.StartConnect</namespaceclass><providernamespaceclass /><assembly>DNNrocketDocuments</assembly><help /><entitytypecode>DOC</entitytypecode><interfaceicon /><defaulttheme /><themeversion>1.0</themeversion><defaulttemplate /><defaultcommand /><databasetable /><relpath>/DesktopModules/DNNrocket/Documents/</relpath></textbox><providertype /><dropdownlist><group /></dropdownlist><checkbox><onmenu>false</onmenu><active>true</active></checkbox><radio><securityrolesadministrators>1</securityrolesadministrators><securityrolesmanager>1</securityrolesmanager><securityroleseditor>1</securityroleseditor><securityrolesclienteditor>1</securityrolesclienteditor><securityrolesregisteredusers>0</securityrolesregisteredusers><securityrolessubscribers>0</securityrolessubscribers><securityrolesall>0</securityrolesall></radio></genxml><genxml><textbox><interfacekey>rocketmodapptheme</interfacekey><interfacename /><namespaceclass>RocketMod.StartConnect</namespaceclass><providernamespaceclass /><assembly>RocketMod</assembly><help /><entitytypecode /><interfaceicon /><defaulttheme>config-w3</defaulttheme><themeversion>1.0</themeversion><defaulttemplate>apptheme.cshtml</defaulttemplate><defaultcommand>rocketmodapptheme_apptheme</defaultcommand><databasetable /><relpath>/DesktopModules/DNNrocket/RocketMod/</relpath></textbox><providertype /><dropdownlist><group /></dropdownlist><checkbox><onmenu>true</onmenu><active>true</active></checkbox><radio><securityrolesadministrators>1</securityrolesadministrators><securityrolesmanager>0</securityrolesmanager><securityroleseditor>0</securityroleseditor><securityrolesclienteditor>0</securityrolesclienteditor><securityrolesregisteredusers>0</securityrolesregisteredusers><securityrolessubscribers>0</securityrolessubscribers><securityrolesall>0</securityrolesall></radio></genxml><genxml><textbox><interfacekey>exportmodule</interfacekey><interfacename /><namespaceclass>RocketMod.StartConnect</namespaceclass><providernamespaceclass /><assembly>RocketMod</assembly><help /><entitytypecode>ROCKETMOD</entitytypecode><interfaceicon /><defaulttheme /><themeversion>1.0</themeversion><defaulttemplate /><defaultcommand>module_export</defaultcommand><databasetable /><relpath /></textbox><providertype /><dropdownlist><group /></dropdownlist><checkbox><onmenu>false</onmenu><active>true</active></checkbox><radio><securityrolesadministrators>1</securityrolesadministrators><securityrolesmanager>1</securityrolesmanager><securityroleseditor>1</securityroleseditor><securityrolesclienteditor>0</securityrolesclienteditor><securityrolesregisteredusers>0</securityrolesregisteredusers><securityrolessubscribers>0</securityrolessubscribers><securityrolesall>0</securityrolesall></radio></genxml><genxml><textbox><interfacekey>importmodule</interfacekey><interfacename /><namespaceclass>RocketMod.StartConnect</namespaceclass><providernamespaceclass /><assembly>RocketMod</assembly><help /><entitytypecode>ROCKETMOD</entitytypecode><interfaceicon /><defaulttheme /><themeversion>1.0</themeversion><defaulttemplate /><defaultcommand>module_import</defaultcommand><databasetable /><relpath /></textbox><providertype /><dropdownlist><group /></dropdownlist><checkbox><onmenu>false</onmenu><active>true</active></checkbox><radio><securityrolesadministrators>1</securityrolesadministrators><securityrolesmanager>1</securityrolesmanager><securityroleseditor>1</securityroleseditor><securityrolesclienteditor>0</securityrolesclienteditor><securityrolesregisteredusers>0</securityrolesregisteredusers><securityrolessubscribers>0</securityrolessubscribers><securityrolesall>0</securityrolesall></radio></genxml><genxml><textbox><interfacekey>systemapi</interfacekey><interfacename /><namespaceclass>DNNrocket.System.StartConnect</namespaceclass><providernamespaceclass /><assembly>DNNrocketSystemData</assembly><help /><entitytypecode /><interfaceicon /><defaulttheme /><themeversion>1.0</themeversion><defaulttemplate /><defaultcommand /><databasetable /><relpath>/DesktopModules/DNNrocket/api/</relpath></textbox><providertype /><dropdownlist><group /></dropdownlist><checkbox><onmenu>false</onmenu><active>true</active></checkbox><radio><securityrolesadministrators>1</securityrolesadministrators><securityrolesmanager>0</securityrolesmanager><securityroleseditor>0</securityroleseditor><securityrolesclienteditor>0</securityrolesclienteditor><securityrolesregisteredusers>0</securityrolesregisteredusers><securityrolessubscribers>0</securityrolessubscribers><securityrolesall>0</securityrolesall></radio></genxml><genxml><textbox><interfacekey>copylanguage</interfacekey><interfacename /><namespaceclass>RocketMod.StartConnect</namespaceclass><providernamespaceclass /><assembly>RocketMod</assembly><help /><entitytypecode>ROCKETMOD</entitytypecode><interfaceicon /><defaulttheme /><themeversion>1.0</themeversion><defaulttemplate /><defaultcommand>module_copylanguage</defaultcommand><databasetable /><relpath /></textbox><providertype /><dropdownlist><group /></dropdownlist><checkbox><onmenu>false</onmenu><active>true</active></checkbox><radio><securityrolesadministrators>1</securityrolesadministrators><securityrolesmanager>1</securityrolesmanager><securityroleseditor>0</securityroleseditor><securityrolesclienteditor>0</securityrolesclienteditor><securityrolesregisteredusers>0</securityrolesregisteredusers><securityrolessubscribers>0</securityrolessubscribers><securityrolesall>0</securityrolesall></radio></genxml><genxml><textbox><interfacekey>validatedata</interfacekey><interfacename /><namespaceclass>RocketMod.StartConnect</namespaceclass><providernamespaceclass /><assembly>RocketMod</assembly><help /><entitytypecode>ROCKETMOD</entitytypecode><interfaceicon /><defaulttheme /><themeversion>1.0</themeversion><defaulttemplate /><defaultcommand>module_validate</defaultcommand><databasetable /><relpath /></textbox><providertype /><dropdownlist><group /></dropdownlist><checkbox><onmenu>false</onmenu><active>true</active></checkbox><radio><securityrolesadministrators>1</securityrolesadministrators><securityrolesmanager>1</securityrolesmanager><securityroleseditor>0</securityroleseditor><securityrolesclienteditor>0</securityrolesclienteditor><securityrolesregisteredusers>0</securityrolesregisteredusers><securityrolessubscribers>0</securityrolessubscribers><securityrolesall>0</securityrolesall></radio></genxml><genxml><textbox><interfacekey>backup</interfacekey><interfacename /><namespaceclass>RocketMod.StartConnect</namespaceclass><providernamespaceclass /><assembly>RocketMod</assembly><help /><entitytypecode>ROCKETMOD</entitytypecode><interfaceicon /><defaulttheme>config-w3</defaulttheme><themeversion>1.0</themeversion><defaulttemplate>backup.cshtml</defaulttemplate><defaultcommand>backup_get</defaultcommand><databasetable /><relpath>/DesktopModules/DNNrocket/RocketMod</relpath></textbox><providertype /><dropdownlist><group /></dropdownlist><checkbox><onmenu>true</onmenu><active>true</active></checkbox><radio><securityrolesadministrators>1</securityrolesadministrators><securityrolesmanager>1</securityrolesmanager><securityroleseditor>0</securityroleseditor><securityrolesclienteditor>0</securityrolesclienteditor><securityrolesregisteredusers>0</securityrolesregisteredusers><securityrolessubscribers>0</securityrolessubscribers><securityrolesall>0</securityrolesall></radio></genxml></interfacedata><settingsdata list="true"><genxml><textbox><name /><value /></textbox></genxml><genxml><textbox><name /><value /></textbox></genxml></settingsdata><groupsdata list="true"><genxml><textbox><groupref>Admin</groupref><groupicon /></textbox></genxml><genxml><textbox><groupref>apptheme</groupref><groupicon /></textbox></genxml><genxml><textbox><groupref>root</groupref><groupicon /></textbox></genxml></groupsdata><provtypesdata list="true"><genxml><textbox><provtypes>exportmodule</provtypes><provname>Export Module</provname></textbox></genxml><genxml><textbox><provtypes>importmodule</provtypes><provname>Import Module</provname></textbox></genxml><genxml><textbox><provtypes>searchmodule</provtypes><provname>Search Module</provname></textbox></genxml><genxml><textbox><provtypes>upgrademodule</provtypes><provname>Upgrade Module</provname></textbox></genxml><genxml><textbox><provtypes>copylanguage</provtypes><provname>Copy Language</provname></textbox></genxml><genxml><textbox><provtypes>validatedata</provtypes><provname>Validate Data</provname></textbox></genxml></provtypesdata><lang><genxml><interfacedata list="true"><genxml /><genxml /><genxml /><genxml /><genxml /><genxml /><genxml /><genxml /><genxml /><genxml /><genxml /><genxml /><genxml /><genxml /></interfacedata><settingsdata list="true"><genxml /><genxml /></settingsdata><groupsdata list="true"><genxml /><genxml /><genxml /></groupsdata><provtypesdata list="true"><genxml /><genxml /><genxml /><genxml /><genxml /><genxml /></provtypesdata></genxml></lang></genxml><data><![CDATA[]]></data></item>