<item><itemid>2871</itemid><portalid>99999</portalid><moduleid>0</moduleid><xrefitemid>0</xrefitemid><parentitemid>0</parentitemid><typecode>SYSTEM</typecode><guidkey>espace4</guidkey><lang></lang><userid>0</userid><sortorder>1</sortorder><genxml><hidden><selecteditemid>2871</selecteditemid><theme>config-w3</theme><template>Admin_SystemDetail.cshtml</template><activevalue /><browsersessionid>cba34723-0415-41c5-99ca-5ab36dfa3830-1607654042236</browsersessionid><browserid>20f08f15-7900-4cd7-a15e-ee1e29785260-1605961361593</browserid><systemkey>systemapi</systemkey><index>99</index><imagepathlogo /><dnnrocket-imagelist /><imagefileupload /><resize>640</resize><logobase64 /></hidden><textbox><ctrlkey>espace4</ctrlkey><systemname>Espace4</systemname><adminurl>/DesktopModules/DNNrocketModules/Espace4/admin.html</adminurl><apiurl>/Desktopmodules/dnnrocket/api/rocket/action</apiurl><defaultinterface>espace4</defaultinterface><colorhex>w3-blue</colorhex><systemrelpath>/DesktopModules/DNNrocketModules/Espace4/</systemrelpath><encryptkey>2345678</encryptkey><sortorder>1</sortorder><ftproot>appthemes</ftproot></textbox><checkbox><debugmode>true</debugmode><proavailable>false</proavailable><cacheoff>false</cacheoff><logon>true</logon></checkbox><interfacedata list="true"><genxml><textbox><interfacekey>espace4</interfacekey><interfacename>Espace4</interfacename><namespaceclass>Espace4.API.StartConnect</namespaceclass><providernamespaceclass /><assembly>Espace4</assembly><help /><entitytypecode /><interfaceicon>fas fa-tachometer-alt</interfaceicon><defaulttheme>config-w3</defaulttheme><themeversion>1.0</themeversion><defaulttemplate>welcome.cshtml</defaulttemplate><defaultcommand>espace4_welcome</defaultcommand><databasetable /><relpath /></textbox><dropdownlist><group /></dropdownlist><checkbox><onmenu>true</onmenu><active>true</active></checkbox><radio><securityrolesadministrators>0</securityrolesadministrators><securityrolesmanager>0</securityrolesmanager><securityroleseditor>0</securityroleseditor><securityrolesclienteditor>0</securityrolesclienteditor><securityrolesregisteredusers>0</securityrolesregisteredusers><securityrolessubscribers>0</securityrolessubscribers><securityrolesall>0</securityrolesall></radio></genxml><genxml><textbox><interfacekey>vps</interfacekey><interfacename>VPS</interfacename><namespaceclass>Espace4.API.StartConnect</namespaceclass><providernamespaceclass /><assembly>Espace4</assembly><help /><entitytypecode>VPS</entitytypecode><interfaceicon>fas fa-server</interfaceicon><defaulttheme>config-w3</defaulttheme><themeversion>1.0</themeversion><defaulttemplate>VpsList.cshtml</defaulttemplate><defaultcommand>vps_list</defaultcommand><databasetable /><relpath>/DesktopModules/DNNrocketModules/Espace4</relpath></textbox><dropdownlist><group>hosting</group></dropdownlist><checkbox><onmenu>true</onmenu><active>true</active></checkbox><radio><securityrolesadministrators>1</securityrolesadministrators><securityrolesmanager>1</securityrolesmanager><securityroleseditor>1</securityroleseditor><securityrolesclienteditor>2</securityrolesclienteditor><securityrolesregisteredusers>2</securityrolesregisteredusers><securityrolessubscribers>2</securityrolessubscribers><securityrolesall>2</securityrolesall></radio></genxml><genxml><textbox><interfacekey>install</interfacekey><interfacename>Install</interfacename><namespaceclass>Espace4.API.StartConnect</namespaceclass><providernamespaceclass /><assembly>Espace4</assembly><help /><entitytypecode>INSTALL</entitytypecode><interfaceicon>fas fa-folder-open</interfaceicon><defaulttheme>config-w3</defaulttheme><themeversion>1.0</themeversion><defaulttemplate>installList.cshtml</defaulttemplate><defaultcommand>install_list</defaultcommand><databasetable /><relpath>/DesktopModules/DNNrocketModules/Espace4</relpath></textbox><dropdownlist><group>hosting</group></dropdownlist><checkbox><onmenu>true</onmenu><active>true</active></checkbox><radio><securityrolesadministrators>1</securityrolesadministrators><securityrolesmanager>1</securityrolesmanager><securityroleseditor>1</securityroleseditor><securityrolesclienteditor>2</securityrolesclienteditor><securityrolesregisteredusers>2</securityrolesregisteredusers><securityrolessubscribers>2</securityrolessubscribers><securityrolesall>2</securityrolesall></radio></genxml><genxml><textbox><interfacekey>client</interfacekey><interfacename>Client</interfacename><namespaceclass>Espace4.API.StartConnect</namespaceclass><providernamespaceclass /><assembly>Espace4</assembly><help /><entitytypecode>CLIENT</entitytypecode><interfaceicon>fas fa-user</interfaceicon><defaulttheme>config-w3</defaulttheme><themeversion>1.0</themeversion><defaulttemplate>ClientList.cshtml</defaulttemplate><defaultcommand>client_list</defaultcommand><databasetable /><relpath>/DesktopModules/DNNrocketModules/Espace4</relpath></textbox><dropdownlist><group>client</group></dropdownlist><checkbox><onmenu>true</onmenu><active>true</active></checkbox><radio><securityrolesadministrators>1</securityrolesadministrators><securityrolesmanager>1</securityrolesmanager><securityroleseditor>1</securityroleseditor><securityrolesclienteditor>2</securityrolesclienteditor><securityrolesregisteredusers>2</securityrolesregisteredusers><securityrolessubscribers>2</securityrolessubscribers><securityrolesall>2</securityrolesall></radio></genxml><genxml><textbox><interfacekey>domain</interfacekey><interfacename>Domain</interfacename><namespaceclass>Espace4.API.StartConnect</namespaceclass><providernamespaceclass /><assembly>Espace4</assembly><help /><entitytypecode>DOMAIN</entitytypecode><interfaceicon>fas fa-atlas</interfaceicon><defaulttheme>config-w3</defaulttheme><themeversion>1.0</themeversion><defaulttemplate>DomainList.cshtml</defaulttemplate><defaultcommand>domain_list</defaultcommand><databasetable /><relpath>/DesktopModules/DNNrocketModules/Espace4</relpath></textbox><dropdownlist><group>client</group></dropdownlist><checkbox><onmenu>true</onmenu><active>true</active></checkbox><radio><securityrolesadministrators>1</securityrolesadministrators><securityrolesmanager>1</securityrolesmanager><securityroleseditor>1</securityroleseditor><securityrolesclienteditor>2</securityrolesclienteditor><securityrolesregisteredusers>2</securityrolesregisteredusers><securityrolessubscribers>2</securityrolessubscribers><securityrolesall>2</securityrolesall></radio></genxml><genxml><textbox><interfacekey>websites</interfacekey><interfacename>Websites</interfacename><namespaceclass>Espace4.API.StartConnect</namespaceclass><providernamespaceclass /><assembly>Espace4</assembly><help /><entitytypecode>WEBSITES</entitytypecode><interfaceicon>fab fa-internet-explorer</interfaceicon><defaulttheme>config-w3</defaulttheme><themeversion>1.0</themeversion><defaulttemplate>WebsiteList.cshtml</defaulttemplate><defaultcommand>websites_list</defaultcommand><databasetable /><relpath>/DesktopModules/DNNrocketModules/Espace4</relpath></textbox><dropdownlist><group>client</group></dropdownlist><checkbox><onmenu>true</onmenu><active>true</active></checkbox><radio><securityrolesadministrators>1</securityrolesadministrators><securityrolesmanager>1</securityrolesmanager><securityroleseditor>1</securityroleseditor><securityrolesclienteditor>2</securityrolesclienteditor><securityrolesregisteredusers>2</securityrolesregisteredusers><securityrolessubscribers>2</securityrolessubscribers><securityrolesall>2</securityrolesall></radio></genxml></interfacedata><groupsdata list="true"><genxml><textbox><groupref>admin</groupref><groupicon>fas fa-toolbox</groupicon></textbox></genxml><genxml><textbox><groupref>hosting</groupref><groupicon>fas fa-network-wired</groupicon></textbox></genxml><genxml><textbox><groupref>client</groupref><groupicon>fas fa-user-circle</groupicon></textbox></genxml></groupsdata><lang><genxml><interfacedata list="true"><genxml /><genxml /><genxml /><genxml /><genxml /><genxml /></interfacedata><groupsdata list="true"><genxml /><genxml /><genxml /></groupsdata></genxml></lang></genxml><data><![CDATA[]]></data></item>