<item><itemid>1093</itemid><portalid>99999</portalid><moduleid>0</moduleid><xrefitemid>0</xrefitemid><parentitemid>0</parentitemid><typecode>SYSTEM</typecode><guidkey>rocketdemolist</guidkey><lang></lang><userid>0</userid><sortorder>50</sortorder><genxml><hidden><selecteditemid>1093</selecteditemid><theme>config-w3</theme><template>Admin_SystemDetail.cshtml</template><reload>false</reload><activevalue /><systemkey>systemapi</systemkey><index>99</index><imagepathlogo>/DesktopModules/DNNrocketModules/rocketdemolist/images/gallery.png</imagepathlogo><dnnrocket-imagelist /><imagefileupload /><resize>640</resize><logobase64 /></hidden><textbox><ctrlkey>rocketdemolist</ctrlkey><systemname>Client Images</systemname><adminurl>/Desktopmodules/dnnrocketmodules/rocketdemolist/admin.html</adminurl><apiurl>/Desktopmodules/dnnrocket/api/rocket/action</apiurl><defaultinterface>rocketdemolist</defaultinterface><colorhex>#f0ede5</colorhex><systemrelpath>/DesktopModules/DNNrocketModules/rocketdemolist/</systemrelpath><encryptkey>iqwuygd87324trf87u2i3wgr8723gtf</encryptkey><sortorder>50</sortorder><ftproot>appthemes</ftproot></textbox><checkbox><debugmode>true</debugmode><proavailable>false</proavailable><cacheoff>true</cacheoff></checkbox><interfacedata list="true"><genxml><textbox><interfacekey>rocketdemolist</interfacekey><entitytypecode>DEMOLIST</entitytypecode><interfaceicon>fas fa-edit</interfaceicon><defaulttheme>config-w3</defaulttheme><themeversion>1.0</themeversion><defaulttemplate>demolist.cshtml</defaulttemplate><defaultcommand>rocketdemolist_list</defaultcommand><namespaceclass>RocketDemoList.StartConnect</namespaceclass><assembly>RocketDemoList</assembly><databasetable /><relpath>/DesktopModules/DNNrocketModules/rocketdemolist/</relpath></textbox><dropdownlist><group /></dropdownlist><checkbox><onmenu>true</onmenu><active>true</active></checkbox><checkboxlist><providertype><chk value="false" data="scheduler" /></providertype></checkboxlist><radio><securityrolesadministrators>1</securityrolesadministrators><securityrolesmanager>1</securityrolesmanager><securityroleseditor>0</securityroleseditor><securityrolesclienteditor>0</securityrolesclienteditor><securityrolesregisteredusers>0</securityrolesregisteredusers><securityrolessubscribers>0</securityrolessubscribers><securityrolesall>0</securityrolesall></radio></genxml><genxml><textbox><interfacekey>imageupload</interfacekey><entitytypecode>IMG</entitytypecode><interfaceicon /><defaulttheme /><themeversion>1.0</themeversion><defaulttemplate /><defaultcommand /><namespaceclass>DNNrocket.Images.StartConnect</namespaceclass><assembly>DNNrocketImages</assembly><databasetable /><relpath>/DesktopModules/DNNrocket/Images/</relpath></textbox><dropdownlist><group /></dropdownlist><checkbox><onmenu>false</onmenu><active>true</active></checkbox><checkboxlist><providertype><chk value="false" data="scheduler" /></providertype></checkboxlist><radio><securityrolesadministrators>1</securityrolesadministrators><securityrolesmanager>1</securityrolesmanager><securityroleseditor>1</securityroleseditor><securityrolesclienteditor>1</securityrolesclienteditor><securityrolesregisteredusers>0</securityrolesregisteredusers><securityrolessubscribers>0</securityrolessubscribers><securityrolesall>0</securityrolesall></radio></genxml><genxml><textbox><interfacekey>demolistscheduler</interfacekey><entitytypecode /><interfaceicon>far fa-clock</interfaceicon><defaulttheme /><themeversion>1.0</themeversion><defaulttemplate /><defaultcommand>scheduler_tidy</defaultcommand><namespaceclass>RocketDemoList.StartConnect</namespaceclass><assembly>RocketDemoList</assembly><databasetable /><relpath>/DesktopModules/DNNrocketModules/rocketdemolist/</relpath></textbox><dropdownlist><group /></dropdownlist><checkbox><onmenu>true</onmenu><active>true</active></checkbox><checkboxlist><providertype><chk value="true" data="scheduler" /></providertype></checkboxlist><radio><securityrolesadministrators>1</securityrolesadministrators><securityrolesmanager>0</securityrolesmanager><securityroleseditor>0</securityroleseditor><securityrolesclienteditor>0</securityrolesclienteditor><securityrolesregisteredusers>0</securityrolesregisteredusers><securityrolessubscribers>0</securityrolessubscribers><securityrolesall>0</securityrolesall></radio></genxml></interfacedata><provtypesdata list="true"><genxml><textbox><provtypes>scheduler</provtypes><provname>Scheduler</provname></textbox></genxml></provtypesdata><lang><genxml><interfacedata list="true"><genxml /><genxml /><genxml /></interfacedata><provtypesdata list="true"><genxml /></provtypesdata></genxml></lang></genxml><data><![CDATA[]]></data></item>