<item><itemid>1226</itemid><portalid>99999</portalid><moduleid>0</moduleid><xrefitemid>0</xrefitemid><parentitemid>0</parentitemid><typecode>SYSTEM</typecode><guidkey>rocketforms</guidkey><lang></lang><userid>0</userid><sortorder>90</sortorder><genxml><hidden><selecteditemid>1226</selecteditemid><theme>config-w3</theme><template>Admin_SystemDetail.cshtml</template><reload>false</reload><activevalue /><browsersessionid>11f1f59c-d513-45cf-838c-908a040118cd-1599375674019</browsersessionid><browserid>453cc900-0f71-47b2-917b-a091da830ec0-1596970927291</browserid><systemkey>systemapi</systemkey><index>99</index><imagepathlogo /><dnnrocket-imagelist /><imagefileupload /><resize>1280</resize><logobase64 /></hidden><textbox><ctrlkey>rocketforms</ctrlkey><systemname>Rocket Forms</systemname><adminurl>/Desktopmodules/dnnrocketmodules/rocketforms/admin.html?moduleid=[moduleid]&amp;tabid=[tabid]</adminurl><apiurl>/Desktopmodules/dnnrocket/api/rocket/action</apiurl><defaultinterface>rocketforms</defaultinterface><colorhex>w3-blue</colorhex><systemrelpath>/DesktopModules/DNNrocketModules/rocketforms/</systemrelpath><encryptkey>132435678923456788</encryptkey><sortorder>90</sortorder><ftproot>appthemes</ftproot></textbox><checkbox><debugmode>true</debugmode><proavailable>false</proavailable><cacheoff>true</cacheoff></checkbox><interfacedata list="true"><genxml><textbox><interfacekey>rocketforms</interfacekey><namespaceclass>RocketForms.API.StartConnect</namespaceclass><providernamespaceclass /><assembly>RocketForms</assembly><entitytypecode>ROCKETFORMS</entitytypecode><interfaceicon /><defaulttheme>config-w3</defaulttheme><themeversion>1.0</themeversion><defaulttemplate>formslist.cshtml</defaulttemplate><defaultcommand>rocketforms_getlist</defaultcommand><databasetable>DNNRocket</databasetable><relpath>/DesktopModules/DNNrocketModules/rocketforms/</relpath></textbox><dropdownlist><group /></dropdownlist><checkbox><onmenu>true</onmenu><active>true</active></checkbox><radio><securityrolesadministrators>1</securityrolesadministrators><securityrolesmanager>0</securityrolesmanager><securityroleseditor>0</securityroleseditor><securityrolesclienteditor>0</securityrolesclienteditor><securityrolesregisteredusers>0</securityrolesregisteredusers><securityrolessubscribers>0</securityrolessubscribers><securityrolesall>0</securityrolesall></radio></genxml><genxml><textbox><interfacekey>manageforms</interfacekey><namespaceclass>RocketForms.API.StartConnect</namespaceclass><providernamespaceclass /><assembly>RocketForms</assembly><entitytypecode>ROCKETFORMS</entitytypecode><interfaceicon /><defaulttheme>config-w3</defaulttheme><themeversion>1.0</themeversion><defaulttemplate>formslist.cshtml</defaulttemplate><defaultcommand>manageforms_getlist</defaultcommand><databasetable>DNNRocket</databasetable><relpath>/DesktopModules/DNNrocketModules/rocketforms/</relpath></textbox><dropdownlist><group /></dropdownlist><checkbox><onmenu>true</onmenu><active>true</active></checkbox><radio><securityrolesadministrators>1</securityrolesadministrators><securityrolesmanager>1</securityrolesmanager><securityroleseditor>0</securityroleseditor><securityrolesclienteditor>0</securityrolesclienteditor><securityrolesregisteredusers>0</securityrolesregisteredusers><securityrolessubscribers>0</securityrolessubscribers><securityrolesall>0</securityrolesall></radio></genxml></interfacedata><settingsdata list="true"><genxml><textbox><name>engineurl</name><value>http://&lt;domain&gt;</value></textbox></genxml><genxml><textbox><name>apiurl</name><value>http://&lt;domain&gt;/Desktopmodules/dnnrocket/api/rocket/action</value></textbox></genxml></settingsdata><lang><genxml><interfacedata list="true"><genxml /><genxml /></interfacedata><settingsdata list="true"><genxml /><genxml /></settingsdata></genxml></lang></genxml><data><![CDATA[]]></data></item>