<item><itemid>2663</itemid><portalid>99999</portalid><moduleid>0</moduleid><xrefitemid>0</xrefitemid><parentitemid>0</parentitemid><typecode>SYSTEM</typecode><guidkey>rocketcatalog</guidkey><lang></lang><userid>0</userid><sortorder>99</sortorder><genxml><hidden><selecteditemid>2663</selecteditemid><theme>config-w3</theme><template>Admin_SystemDetail.cshtml</template><reload>false</reload><activevalue /><browsersessionid>d879a553-677e-43d6-80ae-8af32ffe282d-1602208601238</browsersessionid><browserid>453cc900-0f71-47b2-917b-a091da830ec0-1596970927291</browserid><systemkey>systemapi</systemkey><index>99</index><imagepathlogo /><dnnrocket-imagelist /><imagefileupload /><resize>640</resize><logobase64 /></hidden><textbox><ctrlkey>rocketcatalog</ctrlkey><systemname>Rocket Catalog</systemname><adminurl>/Desktopmodules/dnnrocketmodules/rocketcatalog/admin.html</adminurl><apiurl>/Desktopmodules/dnnrocket/api/rocket/action</apiurl><defaultinterface>rocketcatalog</defaultinterface><colorhex>w3-blue</colorhex><systemrelpath>/DesktopModules/DNNrocketModules/rocketcatalog/</systemrelpath><encryptkey /><sortorder>99</sortorder><ftproot>appthemes</ftproot></textbox><checkbox><debugmode>true</debugmode><proavailable>false</proavailable><cacheoff>true</cacheoff><logon>true</logon></checkbox><interfacedata list="true"><genxml><textbox><interfacekey>rocketcatalog</interfacekey><interfacename /><namespaceclass>RocketCatalog.API.StartConnect</namespaceclass><providernamespaceclass /><assembly>RocketCatalog</assembly><help /><entitytypecode>RC</entitytypecode><interfaceicon>fas fa-store-alt</interfaceicon><defaulttheme>config-w3</defaulttheme><themeversion>1.0</themeversion><defaulttemplate>view.cshtml</defaulttemplate><defaultcommand>rocketcatalog_articlelist</defaultcommand><databasetable>RocketCatalog</databasetable><relpath>/DesktopModules/DNNrocketModules/RocketCatalog</relpath></textbox><providertype /><dropdownlist><group /></dropdownlist><checkbox><onmenu>false</onmenu><active>true</active></checkbox><radio><securityrolesadministrators>1</securityrolesadministrators><securityrolesmanager>1</securityrolesmanager><securityroleseditor>1</securityroleseditor><securityrolesclienteditor>1</securityrolesclienteditor><securityrolesregisteredusers>1</securityrolesregisteredusers><securityrolessubscribers>1</securityrolessubscribers><securityrolesall>1</securityrolesall></radio></genxml><genxml><textbox><interfacekey>dashboard</interfacekey><interfacename /><namespaceclass>RocketCatalog.API.StartConnect</namespaceclass><providernamespaceclass /><assembly>RocketCatalog</assembly><help /><entitytypecode>RC</entitytypecode><interfaceicon>fas fa-tachometer-alt</interfaceicon><defaulttheme>config-w3</defaulttheme><themeversion>1.0</themeversion><defaulttemplate>dashboard.cshtml</defaulttemplate><defaultcommand>dashboard_get</defaultcommand><databasetable>RocketCatalog</databasetable><relpath>/DesktopModules/DNNrocketModules/RocketCatalog</relpath></textbox><providertype /><dropdownlist><group /></dropdownlist><checkbox><onmenu>true</onmenu><active>true</active></checkbox><radio><securityrolesadministrators>1</securityrolesadministrators><securityrolesmanager>1</securityrolesmanager><securityroleseditor>1</securityroleseditor><securityrolesclienteditor>2</securityrolesclienteditor><securityrolesregisteredusers>2</securityrolesregisteredusers><securityrolessubscribers>2</securityrolessubscribers><securityrolesall>2</securityrolesall></radio></genxml><genxml><textbox><interfacekey>portalcatalog</interfacekey><interfacename /><namespaceclass>RocketCatalog.API.StartConnect</namespaceclass><providernamespaceclass /><assembly>RocketCatalog</assembly><help /><entitytypecode>RE</entitytypecode><interfaceicon>fas fa-store-alt</interfaceicon><defaulttheme>config-w3</defaulttheme><themeversion>1.0</themeversion><defaulttemplate>portalcataloglist.cshtml</defaulttemplate><defaultcommand>portalcatalog_list</defaultcommand><databasetable>RocketCatalog</databasetable><relpath>/DesktopModules/DNNrocketModules/RocketCatalog</relpath></textbox><providertype /><dropdownlist><group /></dropdownlist><checkbox><onmenu>false</onmenu><active>true</active></checkbox><radio><securityrolesadministrators>1</securityrolesadministrators><securityrolesmanager>0</securityrolesmanager><securityroleseditor>0</securityroleseditor><securityrolesclienteditor>0</securityrolesclienteditor><securityrolesregisteredusers>0</securityrolesregisteredusers><securityrolessubscribers>0</securityrolessubscribers><securityrolesall>0</securityrolesall></radio></genxml><genxml><textbox><interfacekey>articleadmin</interfacekey><interfacename /><namespaceclass>RocketCatalog.API.StartConnect</namespaceclass><providernamespaceclass /><assembly>RocketCatalog</assembly><help /><entitytypecode>RC</entitytypecode><interfaceicon>fas fa-barcode</interfaceicon><defaulttheme>config-w3</defaulttheme><themeversion>1.0</themeversion><defaulttemplate>ArticleList.cshtml</defaulttemplate><defaultcommand>articleadmin_editlist</defaultcommand><databasetable>RocketCatalog</databasetable><relpath>/DesktopModules/DNNrocketModules/RocketCatalog</relpath></textbox><providertype /><dropdownlist><group /></dropdownlist><checkbox><onmenu>true</onmenu><active>true</active></checkbox><radio><securityrolesadministrators>1</securityrolesadministrators><securityrolesmanager>1</securityrolesmanager><securityroleseditor>1</securityroleseditor><securityrolesclienteditor>2</securityrolesclienteditor><securityrolesregisteredusers>2</securityrolesregisteredusers><securityrolessubscribers>2</securityrolessubscribers><securityrolesall>2</securityrolesall></radio></genxml><genxml><textbox><interfacekey>imageupload</interfacekey><interfacename /><namespaceclass>DNNrocket.Images.StartConnect</namespaceclass><providernamespaceclass /><assembly>DNNrocketImages</assembly><help /><entitytypecode>IMG</entitytypecode><interfaceicon /><defaulttheme /><themeversion>1.0</themeversion><defaulttemplate /><defaultcommand /><databasetable /><relpath>/DesktopModules/DNNrocket/Images/</relpath></textbox><providertype /><dropdownlist><group /></dropdownlist><checkbox><onmenu>false</onmenu><active>true</active></checkbox><radio><securityrolesadministrators>1</securityrolesadministrators><securityrolesmanager>1</securityrolesmanager><securityroleseditor>1</securityroleseditor><securityrolesclienteditor>1</securityrolesclienteditor><securityrolesregisteredusers>0</securityrolesregisteredusers><securityrolessubscribers>0</securityrolessubscribers><securityrolesall>0</securityrolesall></radio></genxml><genxml><textbox><interfacekey>categoryadmin</interfacekey><interfacename /><namespaceclass>RocketCatalog.API.StartConnect</namespaceclass><providernamespaceclass /><assembly>RocketCatalog</assembly><help /><entitytypecode>RC</entitytypecode><interfaceicon>fas fa-box</interfaceicon><defaulttheme>config-w3</defaulttheme><themeversion>1.0</themeversion><defaulttemplate>CategoryList.cshtml</defaulttemplate><defaultcommand>categoryadmin_editlist</defaultcommand><databasetable>RocketCatalog</databasetable><relpath>/DesktopModules/DNNrocketModules/RocketCatalog</relpath></textbox><providertype /><dropdownlist><group /></dropdownlist><checkbox><onmenu>true</onmenu><active>true</active></checkbox><radio><securityrolesadministrators>1</securityrolesadministrators><securityrolesmanager>1</securityrolesmanager><securityroleseditor>1</securityroleseditor><securityrolesclienteditor>2</securityrolesclienteditor><securityrolesregisteredusers>2</securityrolesregisteredusers><securityrolessubscribers>2</securityrolessubscribers><securityrolesall>2</securityrolesall></radio></genxml><genxml><textbox><interfacekey>propertiesadmin</interfacekey><interfacename /><namespaceclass>RocketCatalog.API.StartConnect</namespaceclass><providernamespaceclass /><assembly>RocketCatalog</assembly><help /><entitytypecode>RC</entitytypecode><interfaceicon>fas fa-grip-vertical</interfaceicon><defaulttheme>config-w3</defaulttheme><themeversion>1.0</themeversion><defaulttemplate>CategoryList.cshtml</defaulttemplate><defaultcommand>categoryadmin_editlist</defaultcommand><databasetable>RocketCatalog</databasetable><relpath>/DesktopModules/DNNrocketModules/RocketCatalog</relpath></textbox><providertype /><dropdownlist><group /></dropdownlist><checkbox><onmenu>true</onmenu><active>true</active></checkbox><radio><securityrolesadministrators>1</securityrolesadministrators><securityrolesmanager>1</securityrolesmanager><securityroleseditor>1</securityroleseditor><securityrolesclienteditor>2</securityrolesclienteditor><securityrolesregisteredusers>2</securityrolesregisteredusers><securityrolessubscribers>2</securityrolessubscribers><securityrolesall>2</securityrolesall></radio></genxml><genxml><textbox><interfacekey>notification</interfacekey><interfacename /><namespaceclass>RocketCatalog.API.StartConnect</namespaceclass><providernamespaceclass /><assembly>RocketEcommerce</assembly><help /><entitytypecode>RC</entitytypecode><interfaceicon>fas fa-comments</interfaceicon><defaulttheme>config-w3</defaulttheme><themeversion>1.0</themeversion><defaulttemplate>notification.cshtml</defaulttemplate><defaultcommand>notification_edit</defaultcommand><databasetable>RocketCatalog</databasetable><relpath>/DesktopModules/DNNrocketModules/RocketCatalog</relpath></textbox><providertype /><dropdownlist><group /></dropdownlist><checkbox><onmenu>true</onmenu><active>true</active></checkbox><radio><securityrolesadministrators>1</securityrolesadministrators><securityrolesmanager>1</securityrolesmanager><securityroleseditor>2</securityroleseditor><securityrolesclienteditor>2</securityrolesclienteditor><securityrolesregisteredusers>2</securityrolesregisteredusers><securityrolessubscribers>2</securityrolessubscribers><securityrolesall>2</securityrolesall></radio></genxml><genxml><textbox><interfacekey>scheduler</interfacekey><interfacename>Scheduler</interfacename><namespaceclass>RocketCatalog.Scheduler</namespaceclass><providernamespaceclass /><assembly>RocketCatalog</assembly><help /><entitytypecode>RC</entitytypecode><interfaceicon>fa fa-pencil-square-o</interfaceicon><defaulttheme>config-w3</defaulttheme><themeversion>1.0</themeversion><defaulttemplate /><defaultcommand>scheduler_action</defaultcommand><databasetable /><relpath>/DesktopModules/DNNrocketModules/RocketCatalog</relpath></textbox><providertype>scheduler</providertype><dropdownlist><group /></dropdownlist><checkbox><onmenu>false</onmenu><active>true</active></checkbox><radio><securityrolesadministrators>1</securityrolesadministrators><securityrolesmanager>0</securityrolesmanager><securityroleseditor>0</securityroleseditor><securityrolesclienteditor>0</securityrolesclienteditor><securityrolesregisteredusers>0</securityrolesregisteredusers><securityrolessubscribers>0</securityrolessubscribers><securityrolesall>0</securityrolesall></radio></genxml></interfacedata><provtypesdata list="true"><genxml><textbox><provtypes>scheduler</provtypes><provname>Scheduler</provname></textbox></genxml><genxml><textbox><provtypes>eventprovider</provtypes><provname>Event Provider</provname></textbox></genxml></provtypesdata><lang><genxml><interfacedata list="true"><genxml /><genxml /><genxml /><genxml /><genxml /><genxml /><genxml /><genxml /><genxml /></interfacedata><provtypesdata list="true"><genxml /><genxml /></provtypesdata></genxml></lang></genxml><data><![CDATA[]]></data></item>