<item><itemid>83</itemid><portalid>99999</portalid><moduleid>0</moduleid><xrefitemid>0</xrefitemid><parentitemid>0</parentitemid><typecode>SYSTEM</typecode><guidkey>rocketecommerce</guidkey><lang>en-US</lang><userid>0</userid><sortorder>80</sortorder><genxml><hidden><selecteditemid>83</selecteditemid><theme>config-w3</theme><template>Admin_SystemDetail.cshtml</template><activevalue /><browsersessionid>c84193fc-e5af-4950-bc56-7a1f60c3a22d-1606811369685</browsersessionid><browserid>476f6603-5517-4f84-8140-b1e059d510c2-1606490753224</browserid><systemkey>systemapi</systemkey><index>99</index><imagepathlogo>/DesktopModules/DNNrocketModules/RocketEcommerce/images/street.png</imagepathlogo><dnnrocket-imagelist /><imagefileupload /><resize>640</resize><logobase64 /></hidden><textbox><ctrlkey>rocketecommerce</ctrlkey><systemname>Rocket E-commerce</systemname><adminurl>/DesktopModules/DNNrocketModules/RocketEcommerce/admin.html</adminurl><apiurl>/Desktopmodules/dnnrocket/api/rocket/action</apiurl><defaultinterface>rocketecommerce</defaultinterface><colorhex>w3-blue</colorhex><systemrelpath>/DesktopModules/DNNrocketModules/RocketEcommerce/</systemrelpath><encryptkey>fdiuuvbn9834yfg0wiehg9783tg</encryptkey><sortorder>80</sortorder><ftproot>appthemes</ftproot></textbox><checkbox><debugmode>true</debugmode><proavailable>false</proavailable><cacheoff>true</cacheoff><logon>true</logon></checkbox><interfacedata list="true"><genxml><textbox><interfacekey>rocketecommerce</interfacekey><interfacename /><namespaceclass>RocketEcommerce.API.StartConnect</namespaceclass><providernamespaceclass /><assembly>RocketEcommerce</assembly><help /><entitytypecode>RE</entitytypecode><interfaceicon>fas fa-store-alt</interfaceicon><defaulttheme>config-w3</defaulttheme><themeversion>1.0</themeversion><defaulttemplate>view.cshtml</defaulttemplate><defaultcommand>rocketecommerce_productlist</defaultcommand><databasetable>RocketEcommerce</databasetable><relpath>/DesktopModules/DNNrocketModules/RocketEcommerce</relpath></textbox><providertype /><dropdownlist><group /></dropdownlist><checkbox><onmenu>false</onmenu><active>true</active></checkbox><radio><securityrolesadministrators>1</securityrolesadministrators><securityrolesmanager>1</securityrolesmanager><securityroleseditor>1</securityroleseditor><securityrolesclienteditor>1</securityrolesclienteditor><securityrolesregisteredusers>1</securityrolesregisteredusers><securityrolessubscribers>1</securityrolessubscribers><securityrolesall>1</securityrolesall></radio></genxml><genxml><textbox><interfacekey>dashboard</interfacekey><interfacename /><namespaceclass>RocketEcommerce.API.StartConnect</namespaceclass><providernamespaceclass /><assembly>RocketEcommerce</assembly><help /><entitytypecode>RE</entitytypecode><interfaceicon>fas fa-tachometer-alt</interfaceicon><defaulttheme>config-w3</defaulttheme><themeversion>1.0</themeversion><defaulttemplate>dashboard.cshtml</defaulttemplate><defaultcommand>dashboard_get</defaultcommand><databasetable>RocketEcommerce</databasetable><relpath>/DesktopModules/DNNrocketModules/RocketEcommerce</relpath></textbox><providertype /><dropdownlist><group /></dropdownlist><checkbox><onmenu>true</onmenu><active>true</active></checkbox><radio><securityrolesadministrators>1</securityrolesadministrators><securityrolesmanager>1</securityrolesmanager><securityroleseditor>1</securityroleseditor><securityrolesclienteditor>2</securityrolesclienteditor><securityrolesregisteredusers>2</securityrolesregisteredusers><securityrolessubscribers>2</securityrolessubscribers><securityrolesall>2</securityrolesall></radio></genxml><genxml><textbox><interfacekey>portalshops</interfacekey><interfacename /><namespaceclass>RocketEcommerce.API.StartConnect</namespaceclass><providernamespaceclass /><assembly>RocketEcommerce</assembly><help /><entitytypecode>RE</entitytypecode><interfaceicon>fas fa-store-alt</interfaceicon><defaulttheme>config-w3</defaulttheme><themeversion>1.0</themeversion><defaulttemplate>portalshoplist.cshtml</defaulttemplate><defaultcommand>portalshops_list</defaultcommand><databasetable>RocketEcommerce</databasetable><relpath>/DesktopModules/DNNrocketModules/RocketEcommerce</relpath></textbox><providertype /><dropdownlist><group /></dropdownlist><checkbox><onmenu>false</onmenu><active>true</active></checkbox><radio><securityrolesadministrators>1</securityrolesadministrators><securityrolesmanager>0</securityrolesmanager><securityroleseditor>0</securityroleseditor><securityrolesclienteditor>0</securityrolesclienteditor><securityrolesregisteredusers>0</securityrolesregisteredusers><securityrolessubscribers>0</securityrolessubscribers><securityrolesall>0</securityrolesall></radio></genxml><genxml><textbox><interfacekey>productadmin</interfacekey><interfacename /><namespaceclass>RocketEcommerce.API.StartConnect</namespaceclass><providernamespaceclass /><assembly>RocketEcommerce</assembly><help /><entitytypecode>RE</entitytypecode><interfaceicon>fas fa-barcode</interfaceicon><defaulttheme>config-w3</defaulttheme><themeversion>1.0</themeversion><defaulttemplate>ProductList.cshtml</defaulttemplate><defaultcommand>productadmin_editproductlist</defaultcommand><databasetable>RocketEcommerce</databasetable><relpath>/DesktopModules/DNNrocketModules/RocketEcommerce</relpath></textbox><providertype /><dropdownlist><group>catalog</group></dropdownlist><checkbox><onmenu>true</onmenu><active>true</active></checkbox><radio><securityrolesadministrators>1</securityrolesadministrators><securityrolesmanager>1</securityrolesmanager><securityroleseditor>1</securityroleseditor><securityrolesclienteditor>2</securityrolesclienteditor><securityrolesregisteredusers>2</securityrolesregisteredusers><securityrolessubscribers>2</securityrolessubscribers><securityrolesall>2</securityrolesall></radio></genxml><genxml><textbox><interfacekey>imageupload</interfacekey><interfacename /><namespaceclass>DNNrocket.Images.StartConnect</namespaceclass><providernamespaceclass /><assembly>DNNrocketImages</assembly><help /><entitytypecode>IMG</entitytypecode><interfaceicon /><defaulttheme /><themeversion>1.0</themeversion><defaulttemplate /><defaultcommand /><databasetable /><relpath>/DesktopModules/DNNrocket/Images/</relpath></textbox><providertype /><dropdownlist><group /></dropdownlist><checkbox><onmenu>false</onmenu><active>true</active></checkbox><radio><securityrolesadministrators>1</securityrolesadministrators><securityrolesmanager>1</securityrolesmanager><securityroleseditor>1</securityroleseditor><securityrolesclienteditor>1</securityrolesclienteditor><securityrolesregisteredusers>0</securityrolesregisteredusers><securityrolessubscribers>0</securityrolessubscribers><securityrolesall>0</securityrolesall></radio></genxml><genxml><textbox><interfacekey>company</interfacekey><interfacename /><namespaceclass>RocketEcommerce.API.StartConnect</namespaceclass><providernamespaceclass /><assembly>RocketEcommerce</assembly><help /><entitytypecode>RE</entitytypecode><interfaceicon>fas fa-user-tie</interfaceicon><defaulttheme>config-w3</defaulttheme><themeversion>1.0</themeversion><defaulttemplate>company.cshtml</defaulttemplate><defaultcommand>company_edit</defaultcommand><databasetable>RocketEcommerce</databasetable><relpath>/DesktopModules/DNNrocketModules/RocketEcommerce</relpath></textbox><providertype /><dropdownlist><group>settings</group></dropdownlist><checkbox><onmenu>true</onmenu><active>true</active></checkbox><radio><securityrolesadministrators>1</securityrolesadministrators><securityrolesmanager>1</securityrolesmanager><securityroleseditor>2</securityroleseditor><securityrolesclienteditor>2</securityrolesclienteditor><securityrolesregisteredusers>2</securityrolesregisteredusers><securityrolessubscribers>2</securityrolessubscribers><securityrolesall>2</securityrolesall></radio></genxml><genxml><textbox><interfacekey>notification</interfacekey><interfacename /><namespaceclass>RocketEcommerce.API.StartConnect</namespaceclass><providernamespaceclass /><assembly>RocketEcommerce</assembly><help /><entitytypecode>RE</entitytypecode><interfaceicon>fas fa-comments</interfaceicon><defaulttheme>config-w3</defaulttheme><themeversion>1.0</themeversion><defaulttemplate>notification.cshtml</defaulttemplate><defaultcommand>notification_edit</defaultcommand><databasetable>RocketEcommerce</databasetable><relpath>/DesktopModules/DNNrocketModules/RocketEcommerce</relpath></textbox><providertype /><dropdownlist><group>settings</group></dropdownlist><checkbox><onmenu>true</onmenu><active>true</active></checkbox><radio><securityrolesadministrators>1</securityrolesadministrators><securityrolesmanager>1</securityrolesmanager><securityroleseditor>2</securityroleseditor><securityrolesclienteditor>2</securityrolesclienteditor><securityrolesregisteredusers>2</securityrolesregisteredusers><securityrolessubscribers>2</securityrolessubscribers><securityrolesall>2</securityrolesall></radio></genxml><genxml><textbox><interfacekey>orderadmin</interfacekey><interfacename /><namespaceclass>RocketEcommerce.API.StartConnect</namespaceclass><providernamespaceclass /><assembly>RocketEcommerce</assembly><help /><entitytypecode>ORDER</entitytypecode><interfaceicon>fas fa-book</interfaceicon><defaulttheme>config-w3</defaulttheme><themeversion>1.0</themeversion><defaulttemplate>orderlist.cshtml</defaulttemplate><defaultcommand>orderadmin_editlist</defaultcommand><databasetable>RocketEcommerce</databasetable><relpath>/DesktopModules/DNNrocketModules/RocketEcommerce</relpath></textbox><providertype /><dropdownlist><group>sales</group></dropdownlist><checkbox><onmenu>true</onmenu><active>true</active></checkbox><radio><securityrolesadministrators>1</securityrolesadministrators><securityrolesmanager>1</securityrolesmanager><securityroleseditor>1</securityroleseditor><securityrolesclienteditor>2</securityrolesclienteditor><securityrolesregisteredusers>2</securityrolesregisteredusers><securityrolessubscribers>2</securityrolessubscribers><securityrolesall>2</securityrolesall></radio></genxml><genxml><textbox><interfacekey>settingcountry</interfacekey><interfacename /><namespaceclass>DNNrocket.Country.StartConnect</namespaceclass><providernamespaceclass /><assembly>DNNrocketCountry</assembly><help /><entitytypecode>COUNTRIES</entitytypecode><interfaceicon>fas fa-globe</interfaceicon><defaulttheme>config-w3</defaulttheme><themeversion>1.0</themeversion><defaulttemplate>CountrySettings.cshtml</defaulttemplate><defaultcommand>settingcountry_get</defaultcommand><databasetable>RocketEcommerce</databasetable><relpath>/DesktopModules/DNNrocket/Country</relpath></textbox><providertype /><dropdownlist><group>settings</group></dropdownlist><checkbox><onmenu>true</onmenu><active>true</active></checkbox><radio><securityrolesadministrators>1</securityrolesadministrators><securityrolesmanager>1</securityrolesmanager><securityroleseditor>2</securityroleseditor><securityrolesclienteditor>2</securityrolesclienteditor><securityrolesregisteredusers>2</securityrolesregisteredusers><securityrolessubscribers>2</securityrolessubscribers><securityrolesall>2</securityrolesall></radio></genxml><genxml><textbox><interfacekey>paymentadmin</interfacekey><interfacename /><namespaceclass>RocketEcommerce.API.StartConnect</namespaceclass><providernamespaceclass /><assembly>RocketEcommerce</assembly><help /><entitytypecode>PAYMENT</entitytypecode><interfaceicon>fas fa-money-bill-alt</interfaceicon><defaulttheme>config-w3</defaulttheme><themeversion>1.0</themeversion><defaulttemplate>paymentlist.cshtml</defaulttemplate><defaultcommand>paymentadmin_editlist</defaultcommand><databasetable>RocketEcommerce</databasetable><relpath>/DesktopModules/DNNrocketModules/RocketEcommerce</relpath></textbox><providertype /><dropdownlist><group>sales</group></dropdownlist><checkbox><onmenu>true</onmenu><active>true</active></checkbox><radio><securityrolesadministrators>1</securityrolesadministrators><securityrolesmanager>1</securityrolesmanager><securityroleseditor>1</securityroleseditor><securityrolesclienteditor>2</securityrolesclienteditor><securityrolesregisteredusers>2</securityrolesregisteredusers><securityrolessubscribers>2</securityrolessubscribers><securityrolesall>2</securityrolesall></radio></genxml><genxml><textbox><interfacekey>paymentform</interfacekey><interfacename /><namespaceclass>RocketEcommerce.API.StartConnect</namespaceclass><providernamespaceclass /><assembly>RocketEcommerce</assembly><help /><entitytypecode>RE</entitytypecode><interfaceicon>fas fa-store-alt</interfaceicon><defaulttheme>config-w3</defaulttheme><themeversion>1.0</themeversion><defaulttemplate>view.cshtml</defaulttemplate><defaultcommand>paymentform_paymentform</defaultcommand><databasetable>RocketEcommerce</databasetable><relpath>/DesktopModules/DNNrocketModules/RocketEcommerce</relpath></textbox><providertype /><dropdownlist><group /></dropdownlist><checkbox><onmenu>false</onmenu><active>true</active></checkbox><radio><securityrolesadministrators>1</securityrolesadministrators><securityrolesmanager>1</securityrolesmanager><securityroleseditor>1</securityroleseditor><securityrolesclienteditor>1</securityrolesclienteditor><securityrolesregisteredusers>1</securityrolesregisteredusers><securityrolessubscribers>1</securityrolessubscribers><securityrolesall>1</securityrolesall></radio></genxml><genxml><textbox><interfacekey>paymentmethods</interfacekey><interfacename /><namespaceclass>RocketEcommerce.API.StartConnect</namespaceclass><providernamespaceclass /><assembly>RocketEcommerce</assembly><help /><entitytypecode>RE</entitytypecode><interfaceicon>fas fa-credit-card</interfaceicon><defaulttheme>config-w3</defaulttheme><themeversion>1.0</themeversion><defaulttemplate>paymentmethods.cshtml</defaulttemplate><defaultcommand>paymentmethods_list</defaultcommand><databasetable>RocketEcommerce</databasetable><relpath>/DesktopModules/DNNrocketModules/RocketEcommerce</relpath></textbox><providertype /><dropdownlist><group>settings</group></dropdownlist><checkbox><onmenu>true</onmenu><active>true</active></checkbox><radio><securityrolesadministrators>1</securityrolesadministrators><securityrolesmanager>1</securityrolesmanager><securityroleseditor>2</securityroleseditor><securityrolesclienteditor>2</securityrolesclienteditor><securityrolesregisteredusers>2</securityrolesregisteredusers><securityrolessubscribers>2</securityrolessubscribers><securityrolesall>2</securityrolesall></radio></genxml><genxml><textbox><interfacekey>categoryadmin</interfacekey><interfacename>Categories</interfacename><namespaceclass>RocketEcommerce.API.StartConnect</namespaceclass><providernamespaceclass /><assembly>RocketEcommerce</assembly><help /><entitytypecode>RE</entitytypecode><interfaceicon>fas fa-box</interfaceicon><defaulttheme>config-w3</defaulttheme><themeversion>1.0</themeversion><defaulttemplate>CategoryList.cshtml</defaulttemplate><defaultcommand>categoryadmin_editlist</defaultcommand><databasetable>RocketEcommerce</databasetable><relpath>/DesktopModules/DNNrocketModules/RocketEcommerce</relpath></textbox><providertype /><dropdownlist><group>catalog</group></dropdownlist><checkbox><onmenu>true</onmenu><active>true</active></checkbox><radio><securityrolesadministrators>1</securityrolesadministrators><securityrolesmanager>1</securityrolesmanager><securityroleseditor>1</securityroleseditor><securityrolesclienteditor>2</securityrolesclienteditor><securityrolesregisteredusers>2</securityrolesregisteredusers><securityrolessubscribers>2</securityrolessubscribers><securityrolesall>2</securityrolesall></radio></genxml><genxml><textbox><interfacekey>propertiesadmin</interfacekey><interfacename /><namespaceclass>RocketEcommerce.API.StartConnect</namespaceclass><providernamespaceclass /><assembly>RocketEcommerce</assembly><help /><entitytypecode>RE</entitytypecode><interfaceicon>fas fa-grip-vertical</interfaceicon><defaulttheme>config-w3</defaulttheme><themeversion>1.0</themeversion><defaulttemplate>CategoryList.cshtml</defaulttemplate><defaultcommand>categoryadmin_editlist</defaultcommand><databasetable>RocketEcommerce</databasetable><relpath>/DesktopModules/DNNrocketModules/RocketEcommerce</relpath></textbox><providertype /><dropdownlist><group>catalog</group></dropdownlist><checkbox><onmenu>true</onmenu><active>true</active></checkbox><radio><securityrolesadministrators>1</securityrolesadministrators><securityrolesmanager>1</securityrolesmanager><securityroleseditor>1</securityroleseditor><securityrolesclienteditor>2</securityrolesclienteditor><securityrolesregisteredusers>2</securityrolesregisteredusers><securityrolessubscribers>2</securityrolessubscribers><securityrolesall>2</securityrolesall></radio></genxml><genxml><textbox><interfacekey>paypal</interfacekey><interfacename>PayPal</interfacename><namespaceclass>RocketEcommerce.PayPal.StartConnect</namespaceclass><providernamespaceclass>RocketEcommerce.PayPal.BankInterface</providernamespaceclass><assembly>RocketEcommercePayPal</assembly><help /><entitytypecode>RE</entitytypecode><interfaceicon>fab fa-paypal</interfaceicon><defaulttheme>config-w3</defaulttheme><themeversion>1.0</themeversion><defaulttemplate>settings.cshtml</defaulttemplate><defaultcommand>paypal_edit</defaultcommand><databasetable>RocketEcommerce</databasetable><relpath>/DesktopModules/DNNrocketModules/RocketEcommercePayPal</relpath></textbox><providertype>payment</providertype><dropdownlist><group>settings</group></dropdownlist><checkbox><onmenu>false</onmenu><active>true</active></checkbox><radio><securityrolesadministrators>1</securityrolesadministrators><securityrolesmanager>1</securityrolesmanager><securityroleseditor>2</securityroleseditor><securityrolesclienteditor>2</securityrolesclienteditor><securityrolesregisteredusers>2</securityrolesregisteredusers><securityrolessubscribers>2</securityrolessubscribers><securityrolesall>2</securityrolesall></radio></genxml><genxml><textbox><interfacekey>systempay</interfacekey><interfacename>SystemPay</interfacename><namespaceclass>RocketEcommerce.RocketSystemPay.StartConnect</namespaceclass><providernamespaceclass>RocketEcommerce.RocketSystemPay.BankInterface</providernamespaceclass><assembly>RocketEcommerceSystemPay</assembly><help /><entitytypecode>RE</entitytypecode><interfaceicon>fab fa-money</interfaceicon><defaulttheme>config-w3</defaulttheme><themeversion>1.0</themeversion><defaulttemplate>settings.cshtml</defaulttemplate><defaultcommand>systempay_edit</defaultcommand><databasetable>RocketEcommerce</databasetable><relpath>/DesktopModules/DNNrocketModules/RocketSystemPay</relpath></textbox><providertype>payment</providertype><dropdownlist><group>settings</group></dropdownlist><checkbox><onmenu>false</onmenu><active>true</active></checkbox><radio><securityrolesadministrators>1</securityrolesadministrators><securityrolesmanager>1</securityrolesmanager><securityroleseditor>2</securityroleseditor><securityrolesclienteditor>2</securityrolesclienteditor><securityrolesregisteredusers>2</securityrolesregisteredusers><securityrolessubscribers>2</securityrolessubscribers><securityrolesall>2</securityrolesall></radio></genxml><genxml><textbox><interfacekey>etransactions</interfacekey><interfacename>E-Transactions</interfacename><namespaceclass>RocketEcommerce.RE_Etransactions.StartConnect</namespaceclass><providernamespaceclass>RocketEcommerce.RE_Etransactions.BankInterface</providernamespaceclass><assembly>RE_Etransactions</assembly><help /><entitytypecode>RE</entitytypecode><interfaceicon>fab fa-money</interfaceicon><defaulttheme>config-w3</defaulttheme><themeversion>1.0</themeversion><defaulttemplate>settings.cshtml</defaulttemplate><defaultcommand>etransactions_edit</defaultcommand><databasetable>RocketEcommerce</databasetable><relpath>/DesktopModules/DNNrocketModules/RE_Etransactions</relpath></textbox><providertype>payment</providertype><dropdownlist><group>settings</group></dropdownlist><checkbox><onmenu>false</onmenu><active>true</active></checkbox><radio><securityrolesadministrators>1</securityrolesadministrators><securityrolesmanager>1</securityrolesmanager><securityroleseditor>2</securityroleseditor><securityrolesclienteditor>2</securityrolesclienteditor><securityrolesregisteredusers>2</securityrolesregisteredusers><securityrolessubscribers>2</securityrolessubscribers><securityrolesall>2</securityrolesall></radio></genxml><genxml><textbox><interfacekey>manualpay</interfacekey><interfacename>Manual Payment</interfacename><namespaceclass>RocketEcommerce.RE_ManualPay.StartConnect</namespaceclass><providernamespaceclass>RocketEcommerce.RE_ManualPay.BankInterface</providernamespaceclass><assembly>RE_ManualPay</assembly><help>Payment without going to the bank.  For personal payment like cheque, transfer or money.  Any transaction made by this method will automatically go to "Payment Not Verified" Status.</help><entitytypecode>RE</entitytypecode><interfaceicon>fab fa-money</interfaceicon><defaulttheme>config-w3</defaulttheme><themeversion>1.0</themeversion><defaulttemplate>settings.cshtml</defaulttemplate><defaultcommand>manualpay_edit</defaultcommand><databasetable>RocketEcommerce</databasetable><relpath>/DesktopModules/DNNrocketModules/RE_ManualPay</relpath></textbox><providertype>payment</providertype><dropdownlist><group>settings</group></dropdownlist><checkbox><onmenu>false</onmenu><active>true</active></checkbox><radio><securityrolesadministrators>1</securityrolesadministrators><securityrolesmanager>1</securityrolesmanager><securityroleseditor>2</securityroleseditor><securityrolesclienteditor>2</securityrolesclienteditor><securityrolesregisteredusers>2</securityrolesregisteredusers><securityrolessubscribers>2</securityrolessubscribers><securityrolesall>2</securityrolesall></radio></genxml><genxml><textbox><interfacekey>paytest</interfacekey><interfacename /><namespaceclass>RE_PayTest.StartConnect</namespaceclass><providernamespaceclass>RE_PayTest.BankInterface</providernamespaceclass><assembly>RE_PayTest</assembly><help /><entitytypecode>RE</entitytypecode><interfaceicon>fab fa-money</interfaceicon><defaulttheme>config-w3</defaulttheme><themeversion>1.0</themeversion><defaulttemplate>settings.cshtml</defaulttemplate><defaultcommand>paytest_edit</defaultcommand><databasetable>RocketEcommerce</databasetable><relpath>/DesktopModules/DNNrocketModules/RE_PayTest</relpath></textbox><providertype>payment</providertype><dropdownlist><group>settings</group></dropdownlist><checkbox><onmenu>false</onmenu><active>false</active></checkbox><radio><securityrolesadministrators>1</securityrolesadministrators><securityrolesmanager>1</securityrolesmanager><securityroleseditor>2</securityroleseditor><securityrolesclienteditor>2</securityrolesclienteditor><securityrolesregisteredusers>2</securityrolesregisteredusers><securityrolessubscribers>2</securityrolessubscribers><securityrolesall>2</securityrolesall></radio></genxml><genxml><textbox><interfacekey>cartpriceship</interfacekey><interfacename>Cart Price Shipping</interfacename><namespaceclass>RocketEcommerce.RE_CartPriceShipping.StartConnect</namespaceclass><providernamespaceclass>RocketEcommerce.RE_CartPriceShipping.ShippingCalcInterface</providernamespaceclass><assembly>RE_CartPriceShipping</assembly><help>Base Shipping cost calculated on the cart price.  One or multiple ranges can be used.</help><entitytypecode>CARTPRICESHIP</entitytypecode><interfaceicon>fab fa-money</interfaceicon><defaulttheme>config-w3</defaulttheme><themeversion>1.0</themeversion><defaulttemplate>settings.cshtml</defaulttemplate><defaultcommand>cartpriceship_edit</defaultcommand><databasetable>RocketEcommerce</databasetable><relpath>/DesktopModules/DNNrocketModules/RE_CartPriceShipping</relpath></textbox><providertype>shipping</providertype><dropdownlist><group>sales</group></dropdownlist><checkbox><onmenu>false</onmenu><active>true</active></checkbox><radio><securityrolesadministrators>1</securityrolesadministrators><securityrolesmanager>1</securityrolesmanager><securityroleseditor>2</securityroleseditor><securityrolesclienteditor>2</securityrolesclienteditor><securityrolesregisteredusers>2</securityrolesregisteredusers><securityrolessubscribers>2</securityrolessubscribers><securityrolesall>2</securityrolesall></radio></genxml><genxml><textbox><interfacekey>shippingmethods</interfacekey><interfacename>Shipping Methods</interfacename><namespaceclass>RocketEcommerce.API.StartConnect</namespaceclass><providernamespaceclass /><assembly>RocketEcommerce</assembly><help /><entitytypecode>RE</entitytypecode><interfaceicon>fa fas fa-truck</interfaceicon><defaulttheme>config-w3</defaulttheme><themeversion>1.0</themeversion><defaulttemplate>shippingmethods.cshtml</defaulttemplate><defaultcommand>shippingmethods_list</defaultcommand><databasetable>RocketEcommerce</databasetable><relpath>/DesktopModules/DNNrocketModules/RocketEcommerce</relpath></textbox><providertype /><dropdownlist><group>settings</group></dropdownlist><checkbox><onmenu>true</onmenu><active>true</active></checkbox><radio><securityrolesadministrators>1</securityrolesadministrators><securityrolesmanager>1</securityrolesmanager><securityroleseditor>2</securityroleseditor><securityrolesclienteditor>2</securityrolesclienteditor><securityrolesregisteredusers>2</securityrolesregisteredusers><securityrolessubscribers>2</securityrolessubscribers><securityrolesall>2</securityrolesall></radio></genxml><genxml><textbox><interfacekey>taxmethods</interfacekey><interfacename>Tax Methods</interfacename><namespaceclass>RocketEcommerce.API.StartConnect</namespaceclass><providernamespaceclass /><assembly>RocketEcommerce</assembly><help /><entitytypecode>RE</entitytypecode><interfaceicon>fa fas fa-city</interfaceicon><defaulttheme>config-w3</defaulttheme><themeversion>1.0</themeversion><defaulttemplate>taxmethods.cshtml</defaulttemplate><defaultcommand>taxmethods_list</defaultcommand><databasetable>RocketEcommerce</databasetable><relpath>/DesktopModules/DNNrocketModules/RocketEcommerce</relpath></textbox><providertype /><dropdownlist><group>settings</group></dropdownlist><checkbox><onmenu>true</onmenu><active>true</active></checkbox><radio><securityrolesadministrators>1</securityrolesadministrators><securityrolesmanager>1</securityrolesmanager><securityroleseditor>2</securityroleseditor><securityrolesclienteditor>2</securityrolesclienteditor><securityrolesregisteredusers>2</securityrolesregisteredusers><securityrolessubscribers>2</securityrolessubscribers><securityrolesall>2</securityrolesall></radio></genxml><genxml><textbox><interfacekey>discountmethods</interfacekey><interfacename>Discount Methods</interfacename><namespaceclass>RocketEcommerce.API.StartConnect</namespaceclass><providernamespaceclass /><assembly>RocketEcommerce</assembly><help /><entitytypecode>RE</entitytypecode><interfaceicon>fa fas fa-percent</interfaceicon><defaulttheme>config-w3</defaulttheme><themeversion>1.0</themeversion><defaulttemplate>discountmethods.cshtml</defaulttemplate><defaultcommand>discountmethods_list</defaultcommand><databasetable>RocketEcommerce</databasetable><relpath>/DesktopModules/DNNrocketModules/RocketEcommerce</relpath></textbox><providertype /><dropdownlist><group>settings</group></dropdownlist><checkbox><onmenu>true</onmenu><active>true</active></checkbox><radio><securityrolesadministrators>1</securityrolesadministrators><securityrolesmanager>1</securityrolesmanager><securityroleseditor>2</securityroleseditor><securityrolesclienteditor>2</securityrolesclienteditor><securityrolesregisteredusers>2</securityrolesregisteredusers><securityrolessubscribers>2</securityrolessubscribers><securityrolesall>2</securityrolesall></radio></genxml><genxml><textbox><interfacekey>scheduler</interfacekey><interfacename>Scheduler</interfacename><namespaceclass /><providernamespaceclass>RocketEcommerce.Componants.Scheduler</providernamespaceclass><assembly>RocketEcommerce</assembly><help /><entitytypecode>ROCKETECOMMERCE</entitytypecode><interfaceicon>fa fa-pencil-square-o</interfaceicon><defaulttheme>config-w3</defaulttheme><themeversion>1.0</themeversion><defaulttemplate /><defaultcommand>scheduler_action</defaultcommand><databasetable /><relpath>/DesktopModules/DNNrocketModules/rocketecommerce/</relpath></textbox><providertype>scheduler</providertype><dropdownlist><group /></dropdownlist><checkbox><onmenu>false</onmenu><active>true</active></checkbox><radio><securityrolesadministrators>1</securityrolesadministrators><securityrolesmanager>0</securityrolesmanager><securityroleseditor>0</securityroleseditor><securityrolesclienteditor>0</securityrolesclienteditor><securityrolesregisteredusers>0</securityrolesregisteredusers><securityrolessubscribers>0</securityrolessubscribers><securityrolesall>0</securityrolesall></radio></genxml></interfacedata><groupsdata list="true"><genxml><textbox><groupref>catalog</groupref><groupicon>fas fa-layer-group</groupicon></textbox></genxml><genxml><textbox><groupref>sales</groupref><groupicon>fas fa-chart-line</groupicon></textbox></genxml><genxml><textbox><groupref>settings</groupref><groupicon>fas fa-cog</groupicon></textbox></genxml><genxml><textbox><groupref>administrator</groupref><groupicon>fas fa-tools</groupicon></textbox></genxml></groupsdata><provtypesdata list="true"><genxml><textbox><provtypes>payment</provtypes><provname>Payment</provname></textbox></genxml><genxml><textbox><provtypes>scheduler</provtypes><provname>Scheduler</provname></textbox></genxml><genxml><textbox><provtypes>shipping</provtypes><provname>Shipping</provname></textbox></genxml><genxml><textbox><provtypes>tax</provtypes><provname>Tax</provname></textbox></genxml><genxml><textbox><provtypes>promotions</provtypes><provname>Promotions</provname></textbox></genxml><genxml><textbox><provtypes>eventprovider</provtypes><provname>Events</provname></textbox></genxml></provtypesdata><lang><genxml><interfacedata list="true"><genxml /><genxml /><genxml /><genxml /><genxml /><genxml /><genxml /><genxml /><genxml /><genxml /><genxml /><genxml /><genxml /><genxml /><genxml /><genxml /><genxml /><genxml /><genxml /><genxml /><genxml /><genxml /><genxml /><genxml /></interfacedata><groupsdata list="true"><genxml /><genxml /><genxml /><genxml /></groupsdata><provtypesdata list="true"><genxml /><genxml /><genxml /><genxml /><genxml /><genxml /></provtypesdata></genxml></lang></genxml><data><![CDATA[]]></data></item>