<item><itemid>1126</itemid><portalid>99999</portalid><moduleid>0</moduleid><xrefitemid>0</xrefitemid><parentitemid>0</parentitemid><typecode>SYSTEM</typecode><guidkey>rocketremotemod</guidkey><lang></lang><userid>0</userid><sortorder>3</sortorder><genxml><hidden><selecteditemid>1126</selecteditemid><theme>config-w3</theme><template>Admin_SystemDetail.cshtml</template><reload>false</reload><activevalue /><pagesize>0</pagesize><remotecall>true</remotecall><remotelanguage>en-US</remotelanguage><moduleid>1670</moduleid><tabid>21</tabid><browsersessionid>a44350f4-c91c-4121-8a67-dd091e8a02bc-1604581415566</browsersessionid><browserid>8c2d8392-441c-463f-9348-7f8abbe459d0-1597824621587</browserid><systemkey>systemapi</systemkey><index>99</index><imagepathlogo /><dnnrocket-imagelist /><imagefileupload /><resize>640</resize><logobase64 /></hidden><textbox><ctrlkey>rocketremotemod</ctrlkey><systemname>Rocket Remote Mod</systemname><adminurl>/DesktopModules/DNNrocket/RocketRemoteMod/admin.html?moduleid=[moduleid]&amp;tabid=[tabid]</adminurl><apiurl>/Desktopmodules/dnnrocket/api/rocket/action</apiurl><defaultinterface>rocketmod</defaultinterface><colorhex>w3-blue</colorhex><systemrelpath>/DesktopModules/DNNrocket/RocketRemoteMod/</systemrelpath><encryptkey>ididfuhgver86f</encryptkey><sortorder>3</sortorder><ftproot>www/appthemes</ftproot></textbox><checkbox><debugmode>false</debugmode><proavailable>false</proavailable><cacheoff>false</cacheoff><logon>true</logon></checkbox><interfacedata list="true"><genxml><textbox><interfacekey>rocketremotemod</interfacekey><interfacename /><namespaceclass>RocketRemoteMod.StartConnect</namespaceclass><providernamespaceclass /><assembly>RocketRemoteMod</assembly><help /><entitytypecode>ROCKETREMOTEMOD</entitytypecode><interfaceicon /><defaulttheme>config-w3</defaulttheme><themeversion>1.0</themeversion><defaulttemplate>view.cshtml</defaulttemplate><defaultcommand>rocketremotemod_adminsettings</defaultcommand><databasetable /><relpath>/DesktopModules/DNNrocket/RocketRemoteMod</relpath></textbox><providertype /><dropdownlist><group /></dropdownlist><checkbox><onmenu>false</onmenu><active>true</active></checkbox><radio><securityrolesadministrators>0</securityrolesadministrators><securityrolesmanager>0</securityrolesmanager><securityroleseditor>0</securityroleseditor><securityrolesclienteditor>0</securityrolesclienteditor><securityrolesregisteredusers>0</securityrolesregisteredusers><securityrolessubscribers>0</securityrolessubscribers><securityrolesall>1</securityrolesall></radio></genxml><genxml><textbox><interfacekey>dashboard</interfacekey><interfacename /><namespaceclass>RocketRemoteMod.StartConnect</namespaceclass><providernamespaceclass /><assembly>RocketRemoteMod</assembly><help /><entitytypecode /><interfaceicon /><defaulttheme>config-w3</defaulttheme><themeversion>1.0</themeversion><defaulttemplate>dashboard.cshtml</defaulttemplate><defaultcommand>rocketremotemod_getdashboard</defaultcommand><databasetable /><relpath>/DesktopModules/DNNrocket/RocketRemoteMod</relpath></textbox><providertype /><dropdownlist><group /></dropdownlist><checkbox><onmenu>false</onmenu><active>true</active></checkbox><radio><securityrolesadministrators>1</securityrolesadministrators><securityrolesmanager>1</securityrolesmanager><securityroleseditor>0</securityroleseditor><securityrolesclienteditor>0</securityrolesclienteditor><securityrolesregisteredusers>0</securityrolesregisteredusers><securityrolessubscribers>0</securityrolessubscribers><securityrolesall>0</securityrolesall></radio></genxml><genxml><textbox><interfacekey>adminsettings</interfacekey><interfacename /><namespaceclass>RocketRemoteMod.StartConnect</namespaceclass><providernamespaceclass /><assembly>RocketRemoteMod</assembly><help /><entitytypecode /><interfaceicon /><defaulttheme>config-w3</defaulttheme><themeversion>1.0</themeversion><defaulttemplate>adminsettings.cshtml</defaulttemplate><defaultcommand>rocketremotemod_adminsettings</defaultcommand><databasetable /><relpath>/DesktopModules/DNNrocket/RocketRemoteMod</relpath></textbox><providertype /><dropdownlist><group /></dropdownlist><checkbox><onmenu>true</onmenu><active>true</active></checkbox><radio><securityrolesadministrators>1</securityrolesadministrators><securityrolesmanager>1</securityrolesmanager><securityroleseditor>0</securityroleseditor><securityrolesclienteditor>0</securityrolesclienteditor><securityrolesregisteredusers>0</securityrolesregisteredusers><securityrolessubscribers>0</securityrolessubscribers><securityrolesall>0</securityrolesall></radio></genxml></interfacedata><settingsdata list="true"><genxml><textbox><name /><value /></textbox></genxml><genxml><textbox><name /><value /></textbox></genxml></settingsdata><provtypesdata list="true"><genxml><textbox><provtypes>exportmodule</provtypes><provname>Export Module</provname></textbox></genxml><genxml><textbox><provtypes>importmodule</provtypes><provname>Import Module</provname></textbox></genxml><genxml><textbox><provtypes>searchmodule</provtypes><provname>Search Module</provname></textbox></genxml><genxml><textbox><provtypes>upgrademodule</provtypes><provname>Upgrade Module</provname></textbox></genxml><genxml><textbox><provtypes>copylanguage</provtypes><provname>Copy Language</provname></textbox></genxml></provtypesdata><lang><genxml><interfacedata list="true"><genxml /><genxml /><genxml /></interfacedata><settingsdata list="true"><genxml /><genxml /></settingsdata><provtypesdata list="true"><genxml /><genxml /><genxml /><genxml /><genxml /></provtypesdata></genxml></lang></genxml><data><![CDATA[]]></data></item>